time_s,q_ref_rad_1,q_ref_rad_2,q_ref_rad_3,q_ref_rad_4,q_ref_rad_5,q_ref_rad_6,q_rad_1,q_rad_2,q_rad_3,q_rad_4,q_rad_5,q_rad_6,dq_ref_rad_s_1,dq_ref_rad_s_2,dq_ref_rad_s_3,dq_ref_rad_s_4,dq_ref_rad_s_5,dq_ref_rad_s_6,dq_rad_s_1,dq_rad_s_2,dq_rad_s_3,dq_rad_s_4,dq_rad_s_5,dq_rad_s_6,tau_Nm_1,tau_Nm_2,tau_Nm_3,tau_Nm_4,tau_Nm_5,tau_Nm_6,solve_ms,cycle_ms,tcp_ref_m_x,tcp_ref_m_y,tcp_ref_m_z,tcp_m_x,tcp_m_y,tcp_m_z
1.000000000000000021e-03,-2.157919090000000040e-01,2.772707240000000239e-01,-1.650223462999999890e+00,-5.605870530000000018e-01,4.144895719999999728e-01,5.215407800000000371e-01,-2.157919089771860310e-01,2.772707240188675426e-01,-1.650223462844849331e+00,-5.605870536387016489e-01,4.144895719313921312e-01,5.215407796275477459e-01,-1.900000000000000073e-07,1.300000000000000060e-08,2.080000000000000096e-07,-6.439999999999999963e-07,-7.000000000000000477e-08,6.309999999999999725e-07,2.281397269523594383e-08,1.886752885053101700e-08,1.551505550777628502e-07,-6.387016406040920810e-07,-6.860784116426257847e-08,6.275478277964338294e-07,-1.258375627384057580e-05,-2.705838866953009614e+01,1.315227558212060188e+01,2.087759320868316060e+00,7.678359159606619466e-02,4.913482829569424488e-04,7.230473899835487828e+01,7.238857300035306253e+01,6.414400051389174129e-01,-5.061754183882660714e-09,5.414399969152825509e-01,6.414400051322051155e-01,-5.073384343801112885e-09,5.414399968877333658e-01
2.000000000000000042e-03,-2.157919090000000040e-01,2.772707240000000239e-01,-1.650223462000000030e+00,-5.605870539999999735e-01,4.144895719999999728e-01,5.215407810000000088e-01,-2.157919093109090802e-01,2.772707240818455543e-01,-1.650223462119714046e+00,-5.605870562033488103e-01,4.144895716523412377e-01,5.215407821468117655e-01,-7.589999999999999540e-07,5.100000000000000007e-08,8.299999999999999942e-07,-2.574999999999999910e-06,-2.809999999999999883e-07,2.523999999999999890e-06,-3.337230445768010920e-07,6.297802199515152742e-08,7.251353756087966176e-07,-2.564647190525801052e-06,-2.790508761466966323e-07,2.519264065028336796e-06,-6.545431063809727676e-04,-2.705841586897027540e+01,1.315238439162552631e+01,2.087712343863661779e+00,7.678356432524895137e-02,4.913355561607661744e-04,6.784694499947363511e+01,6.792042400047648698e+01,6.414400052410001996e-01,-5.122016806455298344e-09,5.414399972547137008e-01,6.414400051186083251e-01,-5.396019619352543512e-09,5.414399968326191193e-01
3.000000000000000062e-03,-2.157919100000000034e-01,2.772707240000000239e-01,-1.650223460999999947e+00,-5.605870579999999714e-01,4.144895710000000011e-01,5.215407850000000067e-01,-2.157919103810883310e-01,2.772707242146499884e-01,-1.650223460409562026e+00,-5.605870619783539510e-01,4.144895710226583208e-01,5.215407878125877250e-01,-1.707999999999999995e-06,1.149999999999999974e-07,1.867000000000000082e-06,-5.789999999999999622e-06,-6.320000000000000476e-07,5.674000000000000224e-06,-1.070179259780279740e-06,1.328044437005232414e-07,1.710152109063849527e-06,-5.775005185187890799e-06,-6.296828946505461591e-07,5.665775910860334854e-06,-1.297215785797456835e-03,-2.705844249970763826e+01,1.315249333274653587e+01,2.087665437803615021e+00,7.678354462993183804e-02,4.913198159067156063e-04,6.834366399925784208e+01,6.841419899865286425e+01,6.414400051787721990e-01,-5.952923588348202437e-09,5.414399971183030402e-01,6.414400050982411727e-01,-6.329269548993598987e-09,5.414399967502308009e-01
4.000000000000000083e-03,-2.157919130000000019e-01,2.772707240000000239e-01,-1.650223459000000004e+00,-5.605870659999999672e-01,4.144895710000000011e-01,5.215407930000000025e-01,-2.157919125666793170e-01,2.772707244429784557e-01,-1.650223457300039165e+00,-5.605870722443864196e-01,4.144895699028424141e-01,5.215407978793699106e-01,-3.034000000000000089e-06,2.040000000000000003e-07,3.317000000000000175e-06,-1.028599999999999944e-05,-1.123000000000000090e-06,1.008100000000000055e-05,-2.185590987378829032e-06,2.283284478764789476e-07,3.109522776678719108e-06,-1.026603246620094107e-05,-1.119815910371500357e-06,1.006678215343199937e-05,-1.938247211589027913e-03,-2.705846925800396008e+01,1.315260223311285159e+01,2.087618703578307588e+00,7.678353140990466785e-02,4.913055822947938033e-04,6.696616599947446957e+01,6.703845399897545576e+01,6.414400050543163090e-01,-8.153046273801090766e-09,5.414399970249619276e-01,6.414400050713102708e-01,-8.171969296408287939e-09,5.414399966410983200e-01
5.000000000000000104e-03,-2.157919169999999998e-01,2.772707249999999957e-01,-1.650223454000000034e+00,-5.605870790000000436e-01,4.144895690000000021e-01,5.215408059999999679e-01,-2.157919162451648887e-01,2.772707247925124685e-01,-1.650223452378431155e+00,-5.605870882790139342e-01,4.144895681532823062e-01,5.215408135967651848e-01,-4.736999999999999708e-06,3.189999999999999845e-07,5.178999999999999881e-06,-1.606100000000000089e-05,-1.754000000000000063e-06,1.573999999999999838e-05,-3.678485564273037849e-06,3.495340040707948016e-07,4.921608096981879916e-06,-1.603462751623172200e-05,-1.749560117126459695e-06,1.571739529137213676e-05,-2.576910807698523913e-03,-2.705849553804306140e+01,1.315271045705724440e+01,2.087572043622246021e+00,7.678351037856936956e-02,4.912906227905420318e-04,6.870938000065507367e+01,6.878030900043086149e+01,6.414400053350580722e-01,-1.137598882409995859e-08,5.414399968864698209e-01,6.414400050379329699e-01,-1.122187756683046295e-08,5.414399965053825481e-01
6.000000000000000125e-03,-2.157919219999999971e-01,2.772707249999999957e-01,-1.650223447999999982e+00,-5.605870990000000331e-01,4.144895670000000032e-01,5.215408249999999857e-01,-2.157919217935467537e-01,2.772707252889108909e-01,-1.650223445232623209e+00,-5.605871113569566022e-01,4.144895656351104685e-01,5.215408362143697518e-01,-6.815999999999999624e-06,4.590000000000000205e-07,7.452999999999999624e-06,-2.311200000000000166e-05,-2.523999999999999890e-06,2.265100000000000048e-05,-5.548381863337203033e-06,4.963983972167750342e-07,7.145807972937096223e-06,-2.307794269573434296e-05,-2.518171817360472264e-06,2.261760457900873362e-05,-3.214684195827403109e-03,-2.705852185318597591e+01,1.315281862051859463e+01,2.087525489244279164e+00,7.678349362554393043e-02,4.912769070472552480e-04,6.855759800237137824e+01,6.862787799764191732e+01,6.414400051807712666e-01,-1.541020946642379525e-08,5.414399969417685865e-01,6.414400049982839080e-01,-1.577631076385421721e-08,5.414399963434121110e-01
7.000000000000000146e-03,-2.157919299999999929e-01,2.772707260000000229e-01,-1.650223438999999903e+00,-5.605871260000000467e-01,4.144895639999999770e-01,5.215408510000000275e-01,-2.157919295888330591e-01,2.772707259573340410e-01,-1.650223435451046772e+00,-5.605871427502292503e-01,4.144895622092025222e-01,5.215408669778138773e-01,-9.272000000000000334e-06,6.239999999999999760e-07,1.013800000000000017e-05,-3.143699999999999734e-05,-3.434000000000000071e-06,3.080999999999999809e-05,-7.795286308875735954e-06,6.684231546457618837e-07,9.781576386878140415e-06,-3.139327262038376265e-05,-3.425907921582400299e-06,3.076344415222652981e-05,-3.852227856998270260e-03,-2.705854907764781103e+01,1.315292704234794741e+01,2.087479055020163621e+00,7.678347484300505899e-02,4.912625558571243403e-04,6.822761100193019956e+01,6.829913299952750094e+01,6.414400053221415154e-01,-2.175032389359343840e-08,5.414399967842554728e-01,6.414400049524957570e-01,-2.213249117365145894e-08,5.414399961558956642e-01
8.000000000000000167e-03,-2.157919409999999871e-01,2.772707260000000229e-01,-1.650223428000000103e+00,-5.605871620000000277e-01,4.144895599999999791e-01,5.215408870000000086e-01,-2.157919400070494320e-01,2.772707268234214650e-01,-1.650223422623730674e+00,-5.605871837280281822e-01,4.144895577372224582e-01,5.215409071298253707e-01,-1.210200000000000034e-05,8.150000000000000319e-07,1.323199999999999969e-05,-4.103299999999999829e-05,-4.481999999999999609e-06,4.021399999999999817e-05,-1.041821637924154146e-05,8.660874480744890854e-07,1.282731607652577989e-05,-4.097779893669676552e-05,-4.471980044178828719e-06,4.015201144625140837e-05,-4.488187339018815010e-03,-2.705857480524034031e+01,1.315303450759683201e+01,2.087432604253165458e+00,7.678344710941854834e-02,4.912482671189229112e-04,6.679115299994009547e+01,6.685266000204137526e+01,6.414400050757957938e-01,-3.032230429175774857e-08,5.414399969415236713e-01,6.414400049007050741e-01,-3.058686421997247532e-08,5.414399959429290199e-01
9.000000000000001055e-03,-2.157919550000000075e-01,2.772707269999999946e-01,-1.650223412999999972e+00,-5.605872090000000307e-01,4.144895550000000095e-01,5.215409319999999571e-01,-2.157919534227178415e-01,2.772707279128189262e-01,-1.650223406341202237e+00,-5.605872355565425513e-01,4.144895520809670497e-01,5.215409579121674799e-01,-1.530600000000000558e-05,1.031000000000000378e-06,1.673600000000000714e-05,-5.189700000000002167e-05,-5.669000000000002813e-06,5.086200000000002226e-05,-1.341566840985142673e-05,1.089397451124181666e-06,1.628252838466535455e-05,-5.182851441145601721e-05,-5.656255396362128543e-06,5.078234209015933026e-05,-5.121781728174724241e-03,-2.705860071758755225e+01,1.315314192638627588e+01,2.087386328704297078e+00,7.678342574274904520e-02,4.912348812785835355e-04,6.701179599986062385e+01,6.707013799677952193e+01,6.414400050628789041e-01,-4.133808001353933363e-08,5.414399968393092122e-01,6.414400048431363466e-01,-4.143480944684973865e-08,5.414399957047689727e-01
1.000000000000000194e-02,-2.157919719999999986e-01,2.772707280000000218e-01,-1.650223393999999955e+00,-5.605872659999999730e-01,4.144895490000000127e-01,5.215409890000000104e-01,-2.157919702103658355e-01,2.772707292501544463e-01,-1.650223386195039721e+00,-5.605872994998918335e-01,4.144895451025067956e-01,5.215410205634668506e-01,-1.888400000000000080e-05,1.270999999999999986e-06,2.064700000000000069e-05,-6.402800000000000429e-05,-6.994000000000000291e-06,6.275099999999999602e-05,-1.678764799074335592e-05,1.337335537245376703e-06,2.014616255642386760e-05,-6.394334933249959407e-05,-6.978460272033834799e-06,6.265129940009306320e-05,-5.755093093413776034e-03,-2.705862818840584083e+01,1.315324958367133235e+01,2.087340142317038350e+00,7.678340853412496392e-02,4.912209699963195975e-04,6.661173099928419106e+01,6.666723400121554732e+01,6.414400051296715866e-01,-5.472606982033501335e-08,5.414399972328761690e-01,6.414400047797499393e-01,-5.497155975506262522e-08,5.414399954421087457e-01
1.100000000000000283e-02,-2.157919929999999875e-01,2.772707300000000208e-01,-1.650223371000000050e+00,-5.605873369999999634e-01,4.144895410000000169e-01,5.215410579999999463e-01,-2.157919907435285334e-01,2.772707308605505960e-01,-1.650223361777864772e+00,-5.605873768189972850e-01,4.144895366648313484e-01,5.215410963184250459e-01,-2.283399999999999856e-05,1.537000000000000065e-06,2.496600000000000118e-05,-7.742100000000000295e-05,-8.456000000000000015e-06,7.587700000000000553e-05,-2.053316270644293492e-05,1.610396174243969165e-06,2.441717491552831005e-05,-7.731910548380736749e-05,-8.437675442151913854e-06,7.575495824772000386e-05,-6.386804952359838826e-03,-2.705865451872896443e+01,1.315335662945758877e+01,2.087294005809256170e+00,7.678338924589857284e-02,4.912067788257487924e-04,6.725076300062937662e+01,6.731571799900848418e+01,6.414400052655823137e-01,-7.132849970786781508e-08,5.414399968911187688e-01,6.414400047106215697e-01,-7.149156814337253928e-08,5.414399951553381385e-01
1.200000000000000372e-02,-2.157920180000000021e-01,2.772707309999999925e-01,-1.650223344000000036e+00,-5.605874220000000019e-01,4.144895319999999939e-01,5.215411410000000414e-01,-2.157920153947310848e-01,2.772707327696150581e-01,-1.650223332682295041e+00,-5.605874687724571315e-01,4.144895266299297720e-01,5.215411864119654517e-01,-2.715599999999999885e-05,1.827999999999999905e-06,2.969199999999999964e-05,-9.207600000000000409e-05,-1.005700000000000044e-05,9.024000000000000337e-05,-2.465120254586418346e-05,1.909064435978686343e-06,2.909556969262893245e-05,-9.195345989362795958e-05,-1.003490157374944283e-05,9.009354038324099553e-05,-7.016992794164842069e-03,-2.705868026488028733e+01,1.315346356086558899e+01,2.087247979425355560e+00,7.678336099135611714e-02,4.911937170584214406e-04,6.849938999948790297e+01,6.857170199873507954e+01,6.414400050536314124e-01,-9.100240103139533771e-08,5.414399971569039405e-01,6.414400046360551055e-01,-9.128865359732397127e-08,5.414399948447534694e-01
1.300000000000000461e-02,-2.157920469999999868e-01,2.772707329999999915e-01,-1.650223312000000053e+00,-5.605875219999999493e-01,4.144895210000000274e-01,5.215412390000000453e-01,-2.157920445360100858e-01,2.772707350029608997e-01,-1.650223298502000446e+00,-5.605875766166594776e-01,4.144895148604993418e-01,5.215412920736868241e-01,-3.184900000000000627e-05,2.145000000000000215e-06,3.482400000000000404e-05,-1.079890000000000261e-04,-1.179500000000000311e-05,1.058350000000000328e-04,-2.914127898872448803e-05,2.233345864504315161e-06,3.418029470486093932e-05,-1.078442023851759800e-04,-1.176943043322633408e-05,1.056617213672610947e-04,-7.646304662591614856e-03,-2.705870565618651824e+01,1.315357010041342889e+01,2.087201970425145880e+00,7.678333113180835223e-02,4.911792903595095560e-04,6.858233799721347168e+01,6.865447100062738173e+01,6.414400050128805653e-01,-1.139510062829612898e-07,5.414399970267962381e-01,6.414400045563115604e-01,-1.146561924768724151e-07,5.414399945105033973e-01
1.400000000000000550e-02,-2.157920809999999967e-01,2.772707360000000176e-01,-1.650223274000000018e+00,-5.605876379999999992e-01,4.144895080000000065e-01,5.215413530000000408e-01,-2.157920785388979801e-01,2.772707375851878320e-01,-1.650223258832161033e+00,-5.605877016045641703e-01,4.144895012199754092e-01,5.215414145324485107e-01,-3.691299999999999708e-05,2.484999999999999925e-06,4.035999999999999983e-05,-1.251570000000000080e-04,-1.366999999999999956e-05,1.226610000000000103e-04,-3.400288789482417627e-05,2.582226928505321098e-06,3.966983938136697330e-05,-1.249879046594770649e-04,-1.364052393765544257e-05,1.224587616553372013e-04,-8.274498896962908384e-03,-2.705873252583609556e+01,1.315367673392052694e+01,2.087156097740167304e+00,7.678330837195854186e-02,4.911660294035323634e-04,6.838059499932569452e+01,6.845384600092074834e+01,6.414400052454128920e-01,-1.408760190030472405e-07,5.414399968402268115e-01,6.414400044713920446e-01,-1.418870126411730996e-07,5.414399941531712335e-01
1.500000000000000638e-02,-2.157921210000000034e-01,2.772707380000000166e-01,-1.650223231000000013e+00,-5.605877719999999842e-01,4.144894929999999866e-01,5.215414849999999714e-01,-2.157921177739236807e-01,2.772707405408824655e-01,-1.650223213268966038e+00,-5.605878449871823932e-01,4.144894855710348214e-01,5.215415550139883560e-01,-4.234599999999999741e-05,2.850999999999999893e-06,4.630000000000000055e-05,-1.435789999999999885e-04,-1.568299999999999875e-05,1.407149999999999970e-04,-3.923502569317867010e-05,2.955694636138712605e-06,4.556319489784653643e-05,-1.433826182767655364e-04,-1.564894060656441143e-05,1.404815398297123161e-04,-8.901097846721996512e-03,-2.705875912696244612e+01,1.315378295355673544e+01,2.087110263859618620e+00,7.678327436452249410e-02,4.911522901757717739e-04,6.772789299793657847e+01,6.779030799953034148e+01,6.414400050678545906e-01,-1.723448523426457299e-07,5.414399971247899623e-01,6.414400043812429342e-01,-1.732732521175645005e-07,5.414399937730601797e-01
1.600000000000000727e-02,-2.157921660000000075e-01,2.772707409999999872e-01,-1.650223181000000094e+00,-5.605879259999999586e-01,4.144894769999999951e-01,5.215416349999999479e-01,-2.157921626106233948e-01,2.772707438956408255e-01,-1.650223161408637340e+00,-5.605880080128909926e-01,4.144894677780449066e-01,5.215417147421499422e-01,-4.814800000000000048e-05,3.242000000000000046e-06,5.264399999999999944e-05,-1.632509999999999994e-04,-1.783099999999999919e-05,1.599949999999999886e-04,-4.483669971321677247e-05,3.354758362142769937e-06,5.186032869525603273e-05,-1.630257086432885996e-04,-1.779298992907634556e-05,1.597281615596313816e-04,-9.526227029808365804e-03,-2.705878416491655258e+01,1.315388877606925888e+01,2.087064492389527182e+00,7.678324940872030546e-02,4.911388986335720819e-04,6.730458099991665222e+01,6.736727400129893795e+01,6.414400051013501303e-01,-2.078764316517239875e-07,5.414399973959612700e-01,6.414400042861601037e-01,-2.091063019471761701e-07,5.414399933703156753e-01
1.700000000000000816e-02,-2.157922170000000084e-01,2.772707449999999851e-01,-1.650223124999999902e+00,-5.605880989999999509e-01,4.144894579999999773e-01,5.215418050000000250e-01,-2.157922134180209617e-01,2.772707476740470800e-01,-1.650223102848373591e+00,-5.605881919272364122e-01,4.144894477050575232e-01,5.215418949376748881e-01,-5.431799999999999731e-05,3.656999999999999884e-06,5.938999999999999889e-05,-1.841710000000000092e-04,-2.011599999999999849e-05,1.804979999999999920e-04,-5.080739756384985241e-05,3.778406273504323731e-06,5.856026384748483712e-05,-1.839143453706288799e-04,-2.007298736765197094e-05,1.801955249707866955e-04,-1.015028845850898462e-02,-2.705881093850328867e+01,1.315399492830878359e+01,2.087018874736802587e+00,7.678322709709006766e-02,4.911253230742903273e-04,6.755959599831840023e+01,6.762075499864295125e+01,6.414400052438162803e-01,-2.481550665108106458e-07,5.414399971348301532e-01,6.414400041862304835e-01,-2.496770881831866719e-07,5.414399929455960825e-01
1.800000000000000905e-02,-2.157922750000000056e-01,2.772707489999999830e-01,-1.650223062000000018e+00,-5.605882949999999587e-01,4.144894359999999889e-01,5.215419970000000349e-01,-2.157922705641494299e-01,2.772707519011712862e-01,-1.650223037186436370e+00,-5.605883979731302036e-01,4.144894252160732373e-01,5.215420968183569483e-01,-6.085500000000002637e-05,4.098000000000002099e-06,6.653800000000003277e-05,-2.063360000000000790e-04,-2.253700000000001140e-05,2.022210000000000684e-04,-5.714612848176352250e-05,4.227124220965790273e-06,6.566193719553829126e-05,-2.060458937902752679e-04,-2.248898425919460320e-05,2.018806820216350348e-04,-1.077279081217617784e-02,-2.705883651461038397e+01,1.315410040346578135e+01,2.086973269745856285e+00,7.678319297757592310e-02,4.911116713541739892e-04,6.802866599900880828e+01,6.809655600227415562e+01,6.414400052245345929e-01,-2.939143987423925435e-07,5.414399969212897457e-01,6.414400040816190529e-01,-2.952758217387441416e-07,5.414399924990925816e-01
1.900000000000000994e-02,-2.157923389999999997e-01,2.772707529999999809e-01,-1.650222992000000000e+00,-5.605885130000000105e-01,4.144894129999999732e-01,5.215422100000000061e-01,-2.157923344160343482e-01,2.772707566015841785e-01,-1.650222964021571315e+00,-5.605886273911057094e-01,4.144894001754465540e-01,5.215423216000286688e-01,-6.775799999999999738e-05,4.561999999999999690e-06,7.408699999999999726e-05,-2.297439999999999877e-04,-2.509400000000000064e-05,2.251619999999999967e-04,-6.385188492389403205e-05,4.700412878790994358e-06,7.316486513807365390e-05,-2.294179755562868921e-04,-2.504062666578752048e-05,2.247816717160189227e-04,-1.139361538157517006e-02,-2.705886315911069673e+01,1.315420611955708985e+01,2.086927819285010699e+00,7.678316989617837984e-02,4.910981647689320389e-04,6.710398500217706896e+01,6.717522699909750372e+01,6.414400050982743684e-01,-3.443839795855413283e-07,5.414399970635205284e-01,6.414400039724419411e-01,-3.461919483861430810e-07,5.414399920314197923e-01
2.000000000000001082e-02,-2.157924109999999895e-01,2.772707580000000060e-01,-1.650222913999999985e+00,-5.605887550000000497e-01,4.144893860000000152e-01,5.215424480000000473e-01,-2.157924053407010712e-01,2.772707617998553808e-01,-1.650222882954037962e+00,-5.605888814191822833e-01,4.144893724481152897e-01,5.215425704965034326e-01,-7.502800000000000062e-05,5.052000000000000081e-06,8.203499999999999638e-05,-2.543919999999999862e-04,-2.778600000000000129e-05,2.493190000000000163e-04,-7.092466671352775688e-05,5.198271220322456184e-06,8.106753343086455855e-05,-2.540280765198115929e-04,-2.772733126620025571e-05,2.488964747383676191e-04,-1.201423556027812582e-02,-2.705888914909109388e+01,1.315431123477345032e+01,2.086882321410177266e+00,7.678313530281312416e-02,4.910849254533046233e-04,6.778202100031194277e+01,6.784942400190629996e+01,6.414400051208368758e-01,-4.011332328771044339e-07,5.414399968764712634e-01,6.414400038587142472e-01,-4.027147669857650473e-07,5.414399915428610432e-01
2.100000000000001171e-02,-2.157924890000000040e-01,2.772707629999999757e-01,-1.650222827999999975e+00,-5.605890220000000479e-01,4.144893570000000027e-01,5.215427099999999649e-01,-2.157924837041727828e-01,2.772707675210436817e-01,-1.650222793585110592e+00,-5.605891612929049250e-01,4.144893418988792599e-01,5.215428447177510307e-01,-8.266200000000000240e-05,5.565999999999999733e-06,9.038200000000000303e-05,-2.802780000000000158e-04,-3.061400000000000200e-05,2.746879999999999830e-04,-7.836347172326877232e-05,5.721188306357680940e-06,8.936892745407653941e-05,-2.798737226495301498e-04,-3.054923600244356874e-05,2.742212475483129597e-04,-1.263329249604152639e-02,-2.705891395282124279e+01,1.315441568383732474e+01,2.086836829162256102e+00,7.678308846659927245e-02,4.910711382869184169e-04,6.984977599859121256e+01,6.992152699967846274e+01,6.414400050289618127e-01,-4.627563281703189664e-07,5.414399970374843551e-01,6.414400037405294519e-01,-4.651328645577240760e-07,5.414399910332240440e-01
2.200000000000001260e-02,-2.157925760000000137e-01,2.772707689999999725e-01,-1.650222733000000108e+00,-5.605893159999999487e-01,4.144893250000000195e-01,5.215429969999999527e-01,-2.157925698714754092e-01,2.772707737897088243e-01,-1.650222695516083027e+00,-5.605894682452595701e-01,4.144893083932800204e-01,5.215431454735026673e-01,-9.066100000000000493e-05,6.104999999999999994e-06,9.912800000000000365e-05,-3.073989999999999752e-04,-3.357599999999999837e-05,3.012690000000000051e-04,-8.616730263010099556e-05,6.268665116596881984e-06,9.806902767248097783e-05,-3.069523545920360566e-04,-3.350559926546366673e-05,3.007557516820052578e-04,-1.325068993616244917e-02,-2.705894013592130776e+01,1.315452066137081744e+01,2.086791541134766614e+00,7.678306106182143653e-02,4.910583058349797915e-04,6.803826699979254045e+01,6.810179099920787849e+01,6.414400050784484497e-01,-5.313609992295825486e-07,5.414399970409883300e-01,6.414400036180144538e-01,-5.337340611762664608e-07,5.414399905030157223e-01
2.300000000000001349e-02,-2.157926709999999915e-01,2.772707750000000249e-01,-1.650222630000000024e+00,-5.605896369999999740e-01,4.144892900000000102e-01,5.215433130000000084e-01,-2.157926642071300305e-01,2.772707806303997269e-01,-1.650222588349254282e+00,-5.605898035062999440e-01,4.144892717971106477e-01,5.215434739677144993e-01,-9.902300000000000381e-05,6.668000000000000363e-06,1.082709999999999939e-04,-3.357519999999999797e-04,-3.667299999999999938e-05,3.290559999999999883e-04,-9.433565462399397944e-05,6.840690918257120114e-06,1.071668288113419420e-04,-3.352610404027198533e-04,-3.659616939734766406e-05,3.284942118070730498e-04,-1.386714925228449240e-02,-2.705896610404141711e+01,1.315462535429526980e+01,2.086746299804458804e+00,7.678302803126905995e-02,4.910442041179006924e-04,6.818909799767425284e+01,6.826004200047464110e+01,6.414400049039532536e-01,-6.062257248153763048e-07,5.414399970454152333e-01,6.414400034912953741e-01,-6.088057296214366556e-07,5.414399899526796123e-01
2.400000000000001438e-02,-2.157927739999999928e-01,2.772707819999999934e-01,-1.650222517000000000e+00,-5.605899880000000390e-01,4.144892510000000030e-01,5.215436559999999666e-01,-2.157927670746532245e-01,2.772707880671695380e-01,-1.650222471687915027e+00,-5.605901683041544237e-01,4.144892319762364385e-01,5.215438314053637558e-01,-1.077479999999999991e-04,7.254999999999999995e-06,1.178110000000000008e-04,-3.653360000000000136e-04,-3.990400000000000284e-05,3.580500000000000024e-04,-1.028675231875873048e-04,7.436769801024697502e-06,1.166613393389687896e-04,-3.647978545106866401e-04,-3.982087420767942663e-05,3.574376492332978733e-04,-1.448194580656707829e-02,-2.705899277583228013e+01,1.315472995377899856e+01,2.086701136518279043e+00,7.678299758448767220e-02,4.910314350924393535e-04,6.943446000150288455e+01,6.950482899992493913e+01,6.414400048633600582e-01,-6.875941831526455658e-07,5.414399968846251854e-01,6.414400033603461226e-01,-6.906344887411264712e-07,5.414399893827606114e-01
2.500000000000001527e-02,-2.157928859999999893e-01,2.772707899999999892e-01,-1.650222394000000037e+00,-5.605903679999999500e-01,4.144892099999999968e-01,5.215440289999999646e-01,-2.157928788370664652e-01,2.772707961245582942e-01,-1.650222345135900159e+00,-5.605905638638339905e-01,4.144891887964349264e-01,5.215442189863176425e-01,-1.168350000000000020e-04,7.866999999999999387e-06,1.277469999999999951e-04,-3.961459999999999981e-04,-4.326999999999999737e-05,3.882460000000000229e-04,-1.117624132510096162e-04,8.057388768313214201e-06,1.265520148550679041e-04,-3.955596796079146205e-04,-4.317980151820768837e-05,3.875809539122752325e-04,-1.509589093655175698e-02,-2.705901855973055348e+01,1.315483423913523353e+01,2.086656020584697568e+00,7.678295658659790857e-02,4.910177695261044644e-04,6.760421999933896586e+01,6.766194300143979490e+01,6.414400050114368312e-01,-7.759788080120704922e-07,5.414399968667985563e-01,6.414400032253263495e-01,-7.795065679394863925e-07,5.414399887936365285e-01
2.600000000000001615e-02,-2.157930080000000084e-01,2.772707979999999850e-01,-1.650222260999999913e+00,-5.605907810000000380e-01,4.144891649999999927e-01,5.215444329999999740e-01,-2.157929998563895835e-01,2.772708048270989267e-01,-1.650222208298552484e+00,-5.605909914079212353e-01,4.144891421243733776e-01,5.215446379093745533e-01,-1.262830000000000376e-04,8.503000000000001429e-06,1.380770000000000402e-04,-4.281820000000000959e-04,-4.676900000000001249e-05,4.196430000000000884e-04,-1.210193231228485881e-04,8.702540613021340094e-06,1.368373477422136911e-04,-4.275440872750148769e-04,-4.667206154408944855e-05,4.189230569604696802e-04,-1.570818709910348776e-02,-2.705904383633421162e+01,1.315493789413603309e+01,2.086610905238384994e+00,7.678291398662466516e-02,4.910047844598748427e-04,6.705172200236120261e+01,6.711372199788456783e+01,6.414400049206094856e-01,-8.721819945623626428e-07,5.414399969242190691e-01,6.414400030862904556e-01,-8.757073939704290948e-07,5.414399881853759755e-01
2.700000000000001704e-02,-2.157931389999999949e-01,2.772708070000000080e-01,-1.650222116999999988e+00,-5.605912250000000263e-01,4.144891159999999908e-01,5.215448689999999665e-01,-2.157931304936388794e-01,2.772708141993264763e-01,-1.650222060781713074e+00,-5.605914521565024122e-01,4.144890918273931302e-01,5.215450893695975365e-01,-1.360909999999999952e-04,9.164000000000000691e-06,1.488019999999999892e-04,-4.614390000000000115e-04,-5.040100000000000076e-05,4.522369999999999732e-04,-1.306372493042156616e-04,9.372227529487488681e-06,1.475168394631555524e-04,-4.607485811282442949e-04,-5.029698023176294090e-05,4.514602230111202492e-04,-1.631886687800826810e-02,-2.705906921614368343e+01,1.315504149204745588e+01,2.086565887468327496e+00,7.678287834431105074e-02,4.909912339663011693e-04,6.783971600088989362e+01,6.790988799912156537e+01,6.414400050657597108e-01,-9.755906344423442556e-07,5.414399971558565561e-01,6.414400029433520167e-01,-9.795216343463642894e-07,5.414399875581955568e-01
2.800000000000001793e-02,-2.157932800000000040e-01,2.772708170000000027e-01,-1.650221962999999903e+00,-5.605917040000000240e-01,4.144890640000000182e-01,5.215453380000000250e-01,-2.157932711093246969e-01,2.772708242657691002e-01,-1.650221902191714163e+00,-5.605919473272449327e-01,4.144890377720720775e-01,5.215455745610043659e-01,-1.462590000000000103e-04,9.849000000000000061e-06,1.599200000000000003e-04,-4.959170000000000158e-04,-5.416699999999999824e-05,4.860269999999999868e-04,-1.406156858246575031e-04,1.006644260240796245e-05,1.585899988571645648e-04,-4.951707425394028667e-04,-5.405532107189386085e-05,4.851914068442776109e-04,-1.692866305224910439e-02,-2.705909463170932483e+01,1.315514503820491754e+01,2.086520936038194662e+00,7.678283258789832255e-02,4.909782784161690131e-04,6.749548999869148247e+01,6.756399300138582475e+01,6.414400050709504475e-01,-1.086863746498995066e-06,5.414399966685191634e-01,6.414400027966780105e-01,-1.091233592312612668e-06,5.414399869123291964e-01
2.900000000000001882e-02,-2.157934320000000072e-01,2.772708269999999975e-01,-1.650221796999999935e+00,-5.605922180000000310e-01,4.144890079999999921e-01,5.215458419999999817e-01,-2.157934220634656342e-01,2.772708350504439756e-01,-1.650221732135951136e+00,-5.605924781351944164e-01,4.144889798254524083e-01,5.215460946733814218e-01,-1.567860000000000130e-04,1.055799999999999954e-05,1.714309999999999922e-04,-5.316109999999999759e-04,-5.806600000000000276e-05,5.210090000000000120e-04,-1.509541409445211012e-04,1.078467486308721584e-05,1.700557630214384153e-04,-5.308079494742864134e-04,-5.794661965103732658e-05,5.201123770328727877e-04,-1.753749005902681402e-02,-2.705912075045863929e+01,1.315524855280043326e+01,2.086476053058119895e+00,7.678278865476970139e-02,4.909645853735918140e-04,6.763829199917381629e+01,6.770092599981580861e+01,6.414400050413937571e-01,-1.206717408916258054e-06,5.414399969352947650e-01,6.414400026463055182e-01,-1.211127105282192097e-06,5.414399862482121017e-01
3.000000000000001971e-02,-2.157935940000000052e-01,2.772708380000000195e-01,-1.650221619999999945e+00,-5.605927680000000191e-01,4.144889480000000237e-01,5.215463809999999478e-01,-2.157935837155683101e-01,2.772708465773758846e-01,-1.650221550222770395e+00,-5.605930457925746291e-01,4.144889178548387121e-01,5.215466508958077618e-01,-1.676720000000000033e-04,1.129100000000000082e-05,1.833329999999999877e-04,-5.685199999999999846e-04,-6.209800000000000075e-05,5.571820000000000331e-04,-1.616521026811611845e-04,1.152693192152928779e-05,1.819131806310495241e-04,-5.676573802115706183e-04,-6.197061368764199534e-05,5.562224263463118670e-04,-1.814537949105062692e-02,-2.705914664879273346e+01,1.315535179560149714e+01,2.086431208473377374e+00,7.678273919459739638e-02,4.909518442422458780e-04,6.725769599870545790e+01,6.732081200243555941e+01,6.414400049739540366e-01,-1.334547389793119883e-06,5.414399967327900853e-01,6.414400024922780608e-01,-1.339485564048961669e-06,5.414399855662168637e-01
3.100000000000002059e-02,-2.157937669999999974e-01,2.772708489999999859e-01,-1.650221431000000072e+00,-5.605933560000000426e-01,4.144888840000000019e-01,5.215469569999999777e-01,-2.157937564236479810e-01,2.772708588705808386e-01,-1.650221356062075095e+00,-5.605936515094603889e-01,4.144888517289088137e-01,5.215472444140730746e-01,-1.789139999999999882e-04,1.204800000000000052e-05,1.956249999999999981e-04,-6.066409999999999945e-04,-6.626099999999999460e-05,5.945430000000000029e-04,-1.727080796604187377e-04,1.229320493749661871e-05,1.941606952854991216e-04,-6.057168857341912451e-04,-6.612592988837102405e-05,5.935182653239945644e-04,-1.875092356915528460e-02,-2.705917205987016771e+01,1.315545434548540271e+01,2.086386367563311417e+00,7.678269545063158563e-02,4.909386873151772197e-04,6.655926499661291018e+01,6.662001299991970882e+01,6.414400047074494404e-01,-1.471035580877438971e-06,5.414399968983010236e-01,6.414400023345104840e-01,-1.476591223798520623e-06,5.414399848663929982e-01
3.200000000000002148e-02,-2.157939520000000111e-01,2.772708620000000068e-01,-1.650221229000000012e+00,-5.605939819999999907e-01,4.144888150000000104e-01,5.215475710000000431e-01,-2.157939405447072134e-01,2.772708719540812328e-01,-1.650221149263725318e+00,-5.605942964930710204e-01,4.144887813156448719e-01,5.215478764112189136e-01,-1.905130000000000105e-04,1.282900000000000033e-05,2.083080000000000120e-04,-6.459709999999999584e-04,-7.055699999999999548e-05,6.330889999999999825e-04,-1.841210592298829962e-04,1.308350039914562406e-05,2.067983498822588341e-04,-6.449836106254999398e-04,-7.041326391490881204e-05,6.319971458823451854e-04,-1.935484733875899449e-02,-2.705919792481268615e+01,1.315555716635644146e+01,2.086341687928298327e+00,7.678265119779473236e-02,4.909255156958035717e-04,6.711059200097224675e+01,6.717308500083163381e+01,6.414400048157070655e-01,-1.617000787092578937e-06,5.414399965570954043e-01,6.414400021730816137e-01,-1.622725654878309676e-06,5.414399841491105425e-01
3.300000000000002237e-02,-2.157941479999999912e-01,2.772708750000000277e-01,-1.650221013999999986e+00,-5.605946480000000287e-01,4.144887420000000211e-01,5.215482240000000047e-01,-2.157941364357552350e-01,2.772708858518801445e-01,-1.650220929438133810e+00,-5.605949819480748886e-01,4.144887064831189183e-01,5.215485480683503816e-01,-2.024680000000000002e-04,1.363400000000000024e-05,2.213799999999999980e-04,-6.865079999999999533e-04,-7.498500000000000120e-05,6.728180000000000488e-04,-1.958910480248620941e-04,1.389779892410374720e-05,2.198255915992294472e-04,-6.854550038592445915e-04,-7.483252595691519140e-05,6.716571314192438516e-04,-1.995861088953516591e-02,-2.705922377518178834e+01,1.315565995165895252e+01,2.086297040093985533e+00,7.678260048812690641e-02,4.909125856371797337e-04,6.734758300081011839e+01,6.741285200041602366e+01,6.414400047722040865e-01,-1.771710370651116602e-06,5.414399967946403880e-01,6.414400020081193476e-01,-1.778170342708232375e-06,5.414399834148305724e-01
3.400000000000002326e-02,-2.157943569999999922e-01,2.772708890000000204e-01,-1.650220785999999995e+00,-5.605953559999999891e-01,4.144886649999999784e-01,5.215489169999999453e-01,-2.157943444527976873e-01,2.772709005879868682e-01,-1.650220696196702086e+00,-5.605957090766452433e-01,4.144886271002197753e-01,5.215492605634629575e-01,-2.147779999999999958e-04,1.446300000000000027e-05,2.348410000000000102e-04,-7.282490000000000404e-04,-7.954399999999999600e-05,7.137270000000000463e-04,-2.080170424632484503e-04,1.473610673216231237e-05,2.332414316336620791e-04,-7.271285703943676515e-04,-7.938289912217124061e-05,7.124951125820026951e-04,-2.056074035119596563e-02,-2.705924942705940595e+01,1.315576240438641875e+01,2.086252433820344088e+00,7.678255242870640762e-02,4.908994092043508957e-04,6.700387200180557556e+01,6.707171699963510036e+01,6.414400046758814700e-01,-1.936544688601493674e-06,5.414399967269749592e-01,6.414400018397332648e-01,-1.943205989879445831e-06,5.414399826639414437e-01
3.500000000000002415e-02,-2.157945779999999869e-01,2.772709039999999847e-01,-1.650220543999999956e+00,-5.605961050000000112e-01,4.144885830000000215e-01,5.215496520000000302e-01,-2.157945649513335895e-01,2.772709161864056471e-01,-1.650220449152327129e+00,-5.605964790785608054e-01,4.144885430356530787e-01,5.215500150715068894e-01,-2.274429999999999974e-04,1.531600000000000040e-05,2.486880000000000015e-04,-7.711919999999999713e-04,-8.423499999999999564e-05,7.558130000000000360e-04,-2.204985358892829427e-04,1.559841875771961694e-05,2.470443749975608102e-04,-7.700019155825938745e-04,-8.406456669724663778e-05,7.545080439234507939e-04,-2.116194715688896402e-02,-2.705927450362870701e+01,1.315586424173815772e+01,2.086207786643577755e+00,7.678248865310484395e-02,4.908860013866726260e-04,6.790778600043267943e+01,6.797682600154075772e+01,6.414400047383599368e-01,-2.110922384060534769e-06,5.414399968611941505e-01,6.414400016679283612e-01,-2.118112871225069668e-06,5.414399818964265032e-01
3.600000000000002504e-02,-2.157948120000000025e-01,2.772709199999999763e-01,-1.650220288000000091e+00,-5.605968989999999819e-01,4.144884959999999841e-01,5.215504290000000376e-01,-2.157947982858696989e-01,2.772709326711328970e-01,-1.650220187918449266e+00,-5.605972931509716206e-01,4.144884541590543314e-01,5.215508127665611227e-01,-2.404610000000000818e-04,1.619300000000000573e-05,2.629230000000000846e-04,-8.153340000000003493e-04,-8.905600000000003639e-05,7.990750000000003276e-04,-2.333345361210930214e-04,1.648472724126920225e-05,2.612338779699479750e-04,-8.140724108510310336e-04,-8.887659875506613832e-05,7.976950542752950452e-04,-2.176154206858199949e-02,-2.705929969928520507e+01,1.315596602390229464e+01,2.086163229477914882e+00,7.678243334320881963e-02,4.908733686662660953e-04,6.775224100056220777e+01,6.782177399873035029e+01,6.414400047405496297e-01,-2.295588436172821477e-06,5.414399966824998689e-01,6.414400014927663651e-01,-2.303170491551598050e-06,5.414399811124429585e-01
3.700000000000002592e-02,-2.157950590000000113e-01,2.772709369999999951e-01,-1.650220017999999955e+00,-5.605977370000000404e-01,4.144884050000000042e-01,5.215512509999999935e-01,-2.157950448094033968e-01,2.772709500661629800e-01,-1.650219912108987330e+00,-5.605981524886456402e-01,4.144883603395408400e-01,5.215516548195416879e-01,-2.538309999999999894e-04,1.709399999999999930e-05,2.775429999999999954e-04,-8.606729999999999502e-04,-9.400900000000000066e-05,8.435100000000000063e-04,-2.465235336945958522e-04,1.739503009060051840e-05,2.758094618378352969e-04,-8.593376740260994223e-04,-9.381951348865043489e-05,8.420529805446279499e-04,-2.235880556117240264e-02,-2.705932506772077772e+01,1.315606772749682207e+01,2.086118783734120186e+00,7.678237702762362449e-02,4.908603904940036415e-04,6.673591399885481223e+01,6.679805900057544932e+01,6.414400047372155189e-01,-2.490465415016407588e-06,5.414399964093348228e-01,6.414400013143636281e-01,-2.498657337576204363e-06,5.414399803121838772e-01
3.800000000000002681e-02,-2.157953190000000132e-01,2.772709540000000139e-01,-1.650219732999999911e+00,-5.605986210000000192e-01,4.144883080000000275e-01,5.215521170000000373e-01,-2.157953048749381708e-01,2.772709683949828863e-01,-1.650219621338904430e+00,-5.605990582837817593e-01,4.144882614473260896e-01,5.215525423986521192e-01,-2.675539999999999798e-04,1.801799999999999927e-05,2.925490000000000208e-04,-9.072060000000000280e-04,-9.909100000000000384e-05,8.891150000000000008e-04,-2.600655347624532569e-04,1.832881989571614055e-05,2.907700828951535060e-04,-9.057951361623979092e-04,-9.889221474117659697e-05,8.875791104310349700e-04,-2.295581960524374285e-02,-2.705935109213488943e+01,1.315616943349950141e+01,2.086074365926593011e+00,7.678232462452744267e-02,4.908473187564207658e-04,6.715952399827074260e+01,6.723467700066976249e+01,6.414400045671738715e-01,-2.695696914554360095e-06,5.414399966995180336e-01,6.414400011327057172e-01,-2.704851719541823279e-06,5.414399794961016754e-01
3.900000000000002770e-02,-2.157955940000000072e-01,2.772709729999999761e-01,-1.650219432999999958e+00,-5.605995520000000010e-01,4.144882069999999974e-01,5.215530299999999730e-01,-2.157955788349676385e-01,2.772709876815886432e-01,-1.650219315224125793e+00,-5.606000117256370041e-01,4.144881573523654383e-01,5.215534766698480817e-01,-2.816280000000000215e-04,1.896699999999999984e-05,3.079380000000000051e-04,-9.549299999999999932e-04,-1.043039999999999961e-04,9.358879999999999543e-04,-2.739600294714396788e-04,1.928660578119028747e-05,3.061147785601449193e-04,-9.534418552019403728e-04,-1.040949606277760930e-04,9.342711960070833668e-04,-2.355196100088017067e-02,-2.705937592376216116e+01,1.315627056351061519e+01,2.086029929157613427e+00,7.678225464285372281e-02,4.908345944102868305e-04,6.662082899856613949e+01,6.667823900352232158e+01,6.414400045926207383e-01,-2.912579988718091777e-06,5.414399963507059432e-01,6.414400009478956610e-01,-2.922031549798073730e-06,5.414399786642353218e-01
4.000000000000002859e-02,-2.157958829999999939e-01,2.772709919999999939e-01,-1.650219117000000013e+00,-5.606005309999999575e-01,4.144881000000000260e-01,5.215539900000000229e-01,-2.157958670409888535e-01,2.772710079494604130e-01,-1.650218993381618482e+00,-5.606010140009695109e-01,4.144880479246221272e-01,5.215544587961802314e-01,-2.960530000000000063e-04,1.993800000000000121e-05,3.237110000000000183e-04,-1.003842999999999923e-03,-1.096470000000000024e-04,9.838259999999999280e-04,-2.882060212058738064e-04,2.026787179046571894e-05,3.218425073884603207e-04,-1.002275332540162461e-03,-1.094277433213912632e-04,9.821263321761987061e-04,-2.414641510095176177e-02,-2.705940153996473541e+01,1.315637164940957504e+01,2.085985573560576345e+00,7.678218546561384195e-02,4.908216855659090641e-04,6.884004400126286782e+01,6.891101200017146766e+01,6.414400044986550142e-01,-3.140545211324951948e-06,5.414399967759809806e-01,6.414400007599007081e-01,-3.150473978653131433e-06,5.414399778167811039e-01
4.100000000000002948e-02,-2.157961860000000009e-01,2.772710130000000106e-01,-1.650218785000000077e+00,-5.606015600000000543e-01,4.144879870000000022e-01,5.215549980000000474e-01,-2.157961698434963382e-01,2.772710292220886275e-01,-1.650218655428832504e+00,-5.606020662940385257e-01,4.144879330351402547e-01,5.215554899377427001e-01,-3.108270000000000108e-04,2.093399999999999981e-05,3.398659999999999745e-04,-1.053941999999999986e-03,-1.151189999999999934e-04,1.032925999999999983e-03,-3.028025074841309634e-04,2.127262822701838258e-05,3.379527860010077484e-04,-1.052293069043130089e-03,-1.148894818878010425e-04,1.031141562501833048e-03,-2.473925382187861996e-02,-2.705942727293447092e+01,1.315647269548824028e+01,2.085941299220053224e+00,7.678212639681152030e-02,4.908085599204046589e-04,6.765269199968315661e+01,6.771836799816810526e+01,6.414400045927067806e-01,-3.379735774681716234e-06,5.414399964648215491e-01,6.414400005687508344e-01,-3.390455378877277214e-06,5.414399769541230478e-01
4.200000000000003036e-02,-2.157965040000000001e-01,2.772710340000000273e-01,-1.650218436999999927e+00,-5.606026400000000409e-01,4.144878690000000088e-01,5.215560569999999618e-01,-2.157964875919793357e-01,2.772710515234477202e-01,-1.650218300983727460e+00,-5.606031697871948216e-01,4.144878125546014869e-01,5.215565712536049947e-01,-3.259499999999999811e-04,2.195300000000000140e-05,3.564039999999999981e-04,-1.105225999999999952e-03,-1.207209999999999983e-04,1.083186999999999995e-03,-3.177484829935234528e-04,2.230135908368221088e-05,3.544451051167416445e-04,-1.103493156270824935e-03,-1.204805387516034678e-04,1.081315862244375736e-03,-2.533057800579656058e-02,-2.705945210452124883e+01,1.315657332264369472e+01,2.085897027111669466e+00,7.678205726679494803e-02,4.907958715472644047e-04,6.793533599920920096e+01,6.800597300025401637e+01,6.414400044030150738e-01,-3.630676053327716709e-06,5.414399966313976353e-01,6.414400003746010270e-01,-3.642251454204797877e-06,5.414399760763156655e-01
4.300000000000003125e-02,-2.157968379999999908e-01,2.772710569999999874e-01,-1.650218071999999925e+00,-5.606037720000000002e-01,4.144877459999999902e-01,5.215571660000000165e-01,-2.157968206359307806e-01,2.772710748765210842e-01,-1.650217929665278138e+00,-5.606043256596860980e-01,4.144876863545083889e-01,5.215577038997747383e-01,-3.414220000000001338e-04,2.299500000000000600e-05,3.733220000000000960e-04,-1.157690000000000498e-03,-1.264510000000000536e-04,1.134606000000000460e-03,-3.330439514396151793e-04,2.335307338108041220e-05,3.713184493725838874e-04,-1.155872491309107826e-03,-1.262000931124686949e-04,1.132646169754297598e-03,-2.592155919252607174e-02,-2.705947860993064324e+01,1.315667431855935554e+01,2.085852853948895191e+00,7.678199577730371317e-02,4.907831212460955815e-04,6.815705000190064311e+01,6.822742099757306278e+01,6.414400044486274766e-01,-3.894159185474463374e-06,5.414399963620192269e-01,6.414400001774094306e-01,-3.906137710121840145e-06,5.414399751840337505e-01
4.400000000000003214e-02,-2.157971870000000014e-01,2.772710800000000031e-01,-1.650217690000000070e+00,-5.606049560000000431e-01,4.144876160000000032e-01,5.215583270000000438e-01,-2.157971693238358579e-01,2.772710993047782790e-01,-1.650217541093956353e+00,-5.606055350878902388e-01,4.144875543060233536e-01,5.215588890293298974e-01,-3.572410000000000039e-04,2.406099999999999884e-05,3.906199999999999972e-04,-1.211332999999999984e-03,-1.323110000000000009e-04,1.187179999999999919e-03,-3.486879050810690961e-04,2.442825716787252495e-05,3.885713218849486984e-04,-1.209428204140659694e-03,-1.320484850487558604e-04,1.185129555210885340e-03,-2.651093139323361034e-02,-2.705950369885866280e+01,1.315677442636855332e+01,2.085808631791750134e+00,7.678191383123667002e-02,4.907704360725702710e-04,6.817890699676354416e+01,6.824914400203851983e+01,6.414400043125588757e-01,-4.169555487998202768e-06,5.414399967303407113e-01,6.414399999771575045e-01,-4.182388921874141299e-06,5.414399742772846302e-01
4.500000000000003303e-02,-2.157975530000000031e-01,2.772711050000000177e-01,-1.650217290000000059e+00,-5.606061949999999738e-01,4.144874809999999909e-01,5.215595410000000154e-01,-2.157975340026833111e-01,2.772711248316976351e-01,-1.650217134890744175e+00,-5.606067992466007288e-01,4.144874162806835849e-01,5.215601277935114632e-01,-3.734060000000000092e-04,2.515000000000000146e-05,4.082970000000000111e-04,-1.266152999999999897e-03,-1.382990000000000120e-04,1.240907000000000078e-03,-3.646788474483039755e-04,2.552691936969083306e-05,4.062032121644353262e-04,-1.264158710451677992e-03,-1.380253397629732702e-04,1.238764181549868075e-03,-2.709803179530926795e-02,-2.705952885769069383e+01,1.315687436913755270e+01,2.085764468012884620e+00,7.678183830996783421e-02,4.907576676740763770e-04,6.730899100148235448e+01,6.737591499768313952e+01,6.414400044043111482e-01,-4.458248173946702558e-06,5.414399967447505180e-01,6.414399997738334802e-01,-4.471278829694072390e-06,5.414399733560698591e-01
4.600000000000003392e-02,-2.157979339999999968e-01,2.772711299999999768e-01,-1.650216872999999973e+00,-5.606074899999999861e-01,4.144873399999999819e-01,5.215608090000000141e-01,-2.157979150194614670e-01,2.772711514807435496e-01,-1.650216710677145926e+00,-5.606081193075979074e-01,4.144872721508106039e-01,5.215614213402769428e-01,-3.899180000000000029e-04,2.626299999999999910e-05,4.263529999999999751e-04,-1.322145999999999955e-03,-1.444150000000000056e-04,1.295783999999999912e-03,-3.810167781675025209e-04,2.664904591790733974e-05,4.242135981930717902e-04,-1.320060997185327220e-03,-1.441298729737835137e-04,1.293546765463235567e-03,-2.768493299512534908e-02,-2.705955408039226384e+01,1.315697435057031939e+01,2.085720344887586286e+00,7.678176255215368728e-02,4.907447278041580756e-04,6.770019800023874268e+01,6.776667799931601621e+01,6.414400040952787929e-01,-4.758906055917486526e-06,5.414399969718109995e-01,6.414399995675061916e-01,-4.773081038954476664e-06,5.414399724206143683e-01
4.700000000000003481e-02,-2.157983330000000088e-01,2.772711569999999903e-01,-1.650216437000000091e+00,-5.606088399999999972e-01,4.144871920000000043e-01,5.215621329999999833e-01,-2.157983127201539841e-01,2.772711792753916327e-01,-1.650216268075651138e+00,-5.606094964397099201e-01,4.144871217887953763e-01,5.215627708148384833e-01,-4.067739999999999919e-04,2.739899999999999974e-05,4.447860000000000203e-04,-1.379309999999999911e-03,-1.506590000000000088e-04,1.351807999999999916e-03,-3.977006925218993811e-04,2.779464807742606651e-05,4.426014947844856130e-04,-1.377132112057065328e-03,-1.503620152360962063e-04,1.349474561586057417e-03,-2.827017920299638651e-02,-2.705957914672212183e+01,1.315707404257830859e+01,2.085676269699038965e+00,7.678168165483482965e-02,4.907318961549683766e-04,6.749062399831018411e+01,6.755850199988344684e+01,6.414400041708901989e-01,-5.073639348390973487e-06,5.414399971336271156e-01,6.414399993582523551e-01,-5.088068399710779090e-06,5.414399714710610434e-01
4.800000000000003569e-02,-2.157987480000000124e-01,2.772711849999999756e-01,-1.650215983000000053e+00,-5.606102490000000049e-01,4.144870379999999743e-01,5.215635140000000058e-01,-2.157987274502442543e-01,2.772712082386053489e-01,-1.650215806709764532e+00,-5.606109318092632465e-01,4.144869650675087058e-01,5.215641773612308407e-01,-4.239760000000000078e-04,2.855800000000000000e-05,4.635959999999999842e-04,-1.437642000000000043e-03,-1.570300000000000059e-04,1.408977999999999967e-03,-4.147300902665046474e-04,2.896321369209757318e-05,4.613658866847657972e-04,-1.435369553361795763e-03,-1.567212866864363559e-04,1.406546392402448697e-03,-2.885445388952715892e-02,-2.705960495687521217e+01,1.315717373116577704e+01,2.085632240152010652e+00,7.678160227935704185e-02,4.907196404165693054e-04,6.737659399732365273e+01,6.744289899870636873e+01,6.414400040467186370e-01,-5.401137084857829335e-06,5.414399969635755872e-01,6.414399991460189021e-01,-5.416513296003344608e-06,5.414399705077636016e-01
4.900000000000003658e-02,-2.157991810000000066e-01,2.772712150000000153e-01,-1.650215509999999997e+00,-5.606117170000000094e-01,4.144868780000000030e-01,5.215649519999999706e-01,-2.157991595542106678e-01,2.772712383933474967e-01,-1.650215326203486876e+00,-5.606124265806536888e-01,4.144868018596746806e-01,5.215656421206740223e-01,-4.415199999999999876e-04,2.973999999999999986e-05,4.827820000000000136e-04,-1.497141000000000010e-03,-1.635290000000000127e-04,1.467290999999999908e-03,-4.321039664160463431e-04,3.015474215413550973e-05,4.805062775989378250e-04,-1.494771390495973221e-03,-1.632078340197128411e-04,1.464759443191010740e-03,-2.943715026505470608e-02,-2.705963083294645344e+01,1.315727331664458433e+01,2.085588254389609375e+00,7.678152093251414123e-02,4.907069947410949836e-04,6.733191899911616929e+01,6.740153599821496755e+01,6.414400040880814391e-01,-5.742762273316062867e-06,5.414399963032334728e-01,6.414399989307794092e-01,-5.758687410455556646e-06,5.414399695310806448e-01
5.000000000000003747e-02,-2.157996309999999918e-01,2.772712449999999995e-01,-1.650215017000000062e+00,-5.606132440000000106e-01,4.144867110000000077e-01,5.215664490000000431e-01,-2.157996093755343292e-01,2.772712697630674294e-01,-1.650214826181855221e+00,-5.606139819157338611e-01,4.144866320381068170e-01,5.215671662312669765e-01,-4.594080000000000169e-04,3.094599999999999814e-05,5.023430000000000386e-04,-1.557802999999999966e-03,-1.701550000000000133e-04,1.526744000000000018e-03,-4.498213236639503386e-04,3.136971995863866314e-05,5.000216316595507441e-04,-1.555335080176943347e-03,-1.698215678372773201e-04,1.524110592936836093e-03,-3.001828583143898929e-02,-2.705965555421163771e+01,1.315737225341932870e+01,2.085544239971825142e+00,7.678142770610479895e-02,4.906941541729411931e-04,6.788096500167739578e+01,6.795106899880920537e+01,6.414400040348433585e-01,-6.097868061038097599e-06,5.414399967841280192e-01,6.414399987125849467e-01,-6.114861704972315570e-06,5.414399685409155838e-01
5.100000000000003836e-02,-2.158000989999999952e-01,2.772712769999999827e-01,-1.650214505000000109e+00,-5.606148330000000346e-01,4.144865369999999882e-01,5.215680069999999446e-01,-2.158000772576940396e-01,2.772713023712272129e-01,-1.650214306270385345e+00,-5.606155989733430101e-01,4.144864554761900632e-01,5.215687508292128349e-01,-4.776380000000001185e-04,3.217500000000000958e-05,5.222790000000000592e-04,-1.619626000000000529e-03,-1.769080000000000619e-04,1.587335000000000482e-03,-4.678821597152412804e-04,3.260815979816342723e-05,5.199114699140747371e-04,-1.617057609156178060e-03,-1.765619167420453054e-04,1.584597945830274216e-03,-3.059922641656080342e-02,-2.705968031624338010e+01,1.315747123756510817e+01,2.085500262306151598e+00,7.678133208165514867e-02,4.906817621864350328e-04,6.790986100168083794e+01,6.797944000209099613e+01,6.414400039827972133e-01,-6.467230605779208954e-06,5.414399962989097093e-01,6.414399984915780673e-01,-6.485307019566302222e-06,5.414399675373809950e-01
5.200000000000003925e-02,-2.158005859999999887e-01,2.772713090000000213e-01,-1.650213973000000056e+00,-5.606164839999999705e-01,4.144863570000000275e-01,5.215696250000000367e-01,-2.158005635426665514e-01,2.772713362407773774e-01,-1.650213766096115808e+00,-5.606172789098544662e-01,4.144862720472725637e-01,5.215703970475802365e-01,-4.962090000000000597e-04,3.342700000000000369e-05,5.425870000000000823e-04,-1.682607000000000460e-03,-1.837880000000000503e-04,1.649061000000000493e-03,-4.862849725250258104e-04,3.386955014515197887e-05,5.401742696085781205e-04,-1.679936511437759260e-03,-1.834289174761680565e-04,1.646218367363844063e-03,-3.117773608762789903e-02,-2.705970563075575086e+01,1.315756988695398633e+01,2.085456332210767982e+00,7.678123462963150347e-02,4.906691201344879705e-04,6.745021599999745376e+01,6.751363300281809643e+01,6.414400036717938791e-01,-6.851382804759706436e-06,5.414399966585853319e-01,6.414399982676893819e-01,-6.870293096353757851e-06,5.414399665205096301e-01
5.300000000000004013e-02,-2.158010919999999999e-01,2.772713430000000034e-01,-1.650213420000000042e+00,-5.606181989999999837e-01,4.144861699999999871e-01,5.215713060000000123e-01,-2.158010685714244203e-01,2.772713713946818870e-01,-1.650213205286560569e+00,-5.606190228791820829e-01,4.144860816252796121e-01,5.215721060174237644e-01,-5.151199999999999876e-04,3.470200000000000080e-05,5.632690000000000309e-04,-1.746743999999999944e-03,-1.907939999999999896e-04,1.711920000000000022e-03,-5.050287578596406339e-04,3.515390448728042264e-05,5.608095552385855814e-04,-1.743969327664237918e-03,-1.904219929350648430e-04,1.708969843541354892e-03,-3.175463563427276259e-02,-2.705973106275693141e+01,1.315766849733624966e+01,2.085412467785384472e+00,7.678114191718160564e-02,4.906566664426484760e-04,6.715078300112509169e+01,6.721176699647912756e+01,6.414400035661059762e-01,-7.250553835582124259e-06,5.414399967310311590e-01,6.414399980409117852e-01,-7.270088927232992749e-06,5.414399654904741288e-01
5.400000000000004102e-02,-2.158016170000000011e-01,2.772713789999999845e-01,-1.650212846000000066e+00,-5.606199790000000460e-01,4.144859750000000065e-01,5.215730499999999825e-01,-2.158015926844422394e-01,2.772714078558926598e-01,-1.650212623469762718e+00,-5.606208320331986794e-01,4.144858840852046478e-01,5.215738788679059601e-01,-5.343709999999999563e-04,3.600000000000000091e-05,5.843219999999999664e-04,-1.812035000000000035e-03,-1.979249999999999998e-04,1.775909999999999902e-03,-5.241130178189083375e-04,3.646121077934753700e-05,5.818167978601614847e-04,-1.809154016633243061e-03,-1.975400749639890730e-04,1.772850482172159048e-03,-3.233067228307888452e-02,-2.705975652925069852e+01,1.315776703798296410e+01,2.085368615548491178e+00,7.678105465979614963e-02,4.906442703646030339e-04,6.664449999880162068e+01,6.670131499777198769e+01,6.414400036109435543e-01,-7.664821204892217199e-06,5.414399962978191372e-01,6.414399978112635958e-01,-7.684963061241792173e-06,5.414399644475653695e-01
5.500000000000004191e-02,-2.158021609999999924e-01,2.772714159999999928e-01,-1.650212250999999908e+00,-5.606218240000000463e-01,4.144857739999999735e-01,5.215748590000000018e-01,-2.158021362221905770e-01,2.772714456473522326e-01,-1.650212020274769209e+00,-5.606227075208051192e-01,4.144856793011040264e-01,5.215757167242296433e-01,-5.539619999999999657e-04,3.732099999999999724e-05,6.057470000000000129e-04,-1.878476000000000017e-03,-2.051830000000000038e-04,1.841027000000000071e-03,-5.435377483455485848e-04,3.779145955329717463e-05,6.031949935747969119e-04,-1.875487606391554058e-03,-2.047841006221708972e-04,1.837856323641359280e-03,-3.290650339167393301e-02,-2.705978173631889661e+01,1.315786532362454508e+01,2.085324744233403749e+00,7.678094518007536062e-02,4.906314227924823924e-04,6.669322000016109087e+01,6.675210199682624079e+01,6.414400035977970704e-01,-8.094036129114163110e-06,5.414399961650002702e-01,6.414399975787639097e-01,-8.115183984966496103e-06,5.414399633919091404e-01
5.600000000000004280e-02,-2.158027240000000013e-01,2.772714539999999728e-01,-1.650211633999999927e+00,-5.606237370000000109e-01,4.144855650000000002e-01,5.215767329999999591e-01,-2.158026995236418388e-01,2.772714847915029313e-01,-1.650211395331643072e+00,-5.606246504878849013e-01,4.144854671474538232e-01,5.215776207106416207e-01,-5.738899999999999687e-04,3.866400000000000116e-05,6.275410000000000146e-04,-1.946065000000000078e-03,-2.125659999999999974e-04,1.907269999999999972e-03,-5.633014512594384463e-04,3.914415070121059459e-05,6.249431260894089705e-04,-1.942967079779300442e-03,-2.121536502272218375e-04,1.903986411958678848e-03,-3.347989397699772940e-02,-2.705980785097212404e+01,1.315796361584467711e+01,2.085280990779383892e+00,7.678084324062015020e-02,4.906194911467838060e-04,6.692349699733313173e+01,6.698403200061875395e+01,6.414400035191882843e-01,-8.538413842395341919e-06,5.414399962351421625e-01,6.414399973433336788e-01,-8.561019069616565761e-06,5.414399623238957959e-01
5.700000000000004369e-02,-2.158033079999999992e-01,2.772714929999999800e-01,-1.650210994999999903e+00,-5.606257169999999679e-01,4.144853490000000029e-01,5.215786740000000199e-01,-2.158032829272650832e-01,2.772715253112906231e-01,-1.650210748271438987e+00,-5.606266620783353360e-01,4.144852474996473801e-01,5.215795919472753228e-01,-5.941569999999999968e-04,4.003099999999999671e-05,6.497049999999999874e-04,-2.014800000000000185e-03,-2.200740000000000075e-04,1.974635000000000192e-03,-5.834036232423077221e-04,4.051978767150196637e-05,6.470602041866003280e-04,-2.011590450457971004e-03,-2.196478064409247330e-04,1.971236633719842569e-03,-3.405246848418801153e-02,-2.705983270371923766e+01,1.315806125187674169e+01,2.085237146657673790e+00,7.678073359431607237e-02,4.906066714970772199e-04,6.729451999854063615e+01,6.736378300047363155e+01,6.414400034298474162e-01,-8.999159835057098756e-06,5.414399967266947389e-01,6.414399971049500326e-01,-9.022735257830079921e-06,5.414399612434739328e-01
5.800000000000004458e-02,-2.158039130000000139e-01,2.772715339999999862e-01,-1.650210334000000056e+00,-5.606277670000000546e-01,4.144851250000000098e-01,5.215806830000000449e-01,-2.158038867705249220e-01,2.772715672301639400e-01,-1.650210078725697693e+00,-5.606287434335913700e-01,4.144850202329410371e-01,5.215816315541734749e-01,-6.147589999999999869e-04,4.142100000000000203e-05,6.722370000000000081e-04,-2.084677999999999965e-03,-2.277070000000000071e-04,2.043122000000000080e-03,-6.038432598384446638e-04,4.191887333257541371e-05,6.695457412902390592e-04,-2.081355256034058548e-03,-2.272667063640171933e-04,2.039606898190925947e-03,-3.462350083957781155e-02,-2.705985670692026446e+01,1.315815853592134133e+01,2.085193313129487969e+00,7.678061518765594284e-02,4.905949377923215669e-04,6.799681799748213962e+01,6.806949800011352636e+01,6.414400033739292573e-01,-9.476449101018941926e-06,5.414399965372703738e-01,6.414399968637524152e-01,-9.500598801061716016e-06,5.414399601503566695e-01
5.900000000000004546e-02,-2.158045379999999902e-01,2.772715760000000196e-01,-1.650209650999999944e+00,-5.606298880000000207e-01,4.144848930000000209e-01,5.215827610000000059e-01,-2.158045113898895140e-01,2.772716105705616552e-01,-1.650209386326496164e+00,-5.606308956925325493e-01,4.144847852232580454e-01,5.215837406466966586e-01,-6.356980000000000790e-04,4.283300000000000817e-05,6.951380000000000926e-04,-2.155697000000000255e-03,-2.354640000000000617e-04,2.112726000000000534e-03,-6.246193645832526708e-04,4.334039769992360000e-05,6.923992015433570995e-04,-2.152258941155736453e-03,-2.350096830001614724e-04,2.109092523169391834e-03,-3.519279445654770189e-02,-2.705988280633880549e+01,1.315825639334560648e+01,2.085149637861219318e+00,7.678051462424619056e-02,4.905821716575431467e-04,6.736176599952159449e+01,6.742884899722412229e+01,6.414400030881586279e-01,-9.969620451912839765e-06,5.414399961647468063e-01,6.414399966197235070e-01,-9.994875150566614720e-06,5.414399590450265087e-01
6.000000000000004635e-02,-2.158051840000000110e-01,2.772716190000000247e-01,-1.650208944000000066e+00,-5.606320799999999771e-01,4.144846540000000079e-01,5.215849099999999572e-01,-2.158051571218205511e-01,2.772716553549254281e-01,-1.650208670706899028e+00,-5.606331199916152475e-01,4.144845423463216494e-01,5.215859203379068498e-01,-6.569720000000000247e-04,4.426799999999999697e-05,7.184049999999999768e-04,-2.227854000000000032e-03,-2.433459999999999974e-04,2.183445000000000004e-03,-6.457319310484920753e-04,4.478436374637627127e-05,7.156195970819309018e-04,-2.224299082690126775e-03,-2.428769364201753393e-04,2.179691210230105987e-03,-3.576190839841079938e-02,-2.705990859186844943e+01,1.315835395527655294e+01,2.085105911951433022e+00,7.678039856757258586e-02,4.905694673870197647e-04,6.693764000010560267e+01,6.699977999960538000e+01,6.414400028862043968e-01,-1.047933260209021841e-05,5.414399966351387539e-01,6.414399963728241172e-01,-1.050582967106257542e-05,5.414399579277974217e-01
6.100000000000004724e-02,-2.158058519999999925e-01,2.772716650000000005e-01,-1.650208214000000062e+00,-5.606343440000000067e-01,4.144844060000000274e-01,5.215871290000000382e-01,-2.158058243017806910e-01,2.772717016057007489e-01,-1.650207931501470826e+00,-5.606354174647470989e-01,4.144842914780429988e-01,5.215881717398240802e-01,-6.785810000000000409e-04,4.572500000000000013e-05,7.420379999999999858e-04,-2.301146999999999915e-03,-2.513519999999999882e-04,2.255277999999999883e-03,-6.671799601526196867e-04,4.625077533661306776e-05,7.392054282648422578e-04,-2.297473131825372630e-03,-2.508682786315498642e-04,2.251401917208129856e-03,-3.632938013652890763e-02,-2.705993389236748214e+01,1.315845091109120624e+01,2.085062149263809950e+00,7.678027230180485552e-02,4.905575053624089020e-04,6.681053899956168607e+01,6.687441599933663383e+01,6.414400029733843267e-01,-1.100641311761421686e-05,5.414399959190288047e-01,6.414399961229177993e-01,-1.103372696361060191e-05,5.414399567986240003e-01
6.200000000000004813e-02,-2.158065409999999906e-01,2.772717109999999763e-01,-1.650207460000000070e+00,-5.606366830000000245e-01,4.144841510000000229e-01,5.215894210000000530e-01,-2.158065132642343065e-01,2.772717493458117244e-01,-1.650207168345318998e+00,-5.606377892428189291e-01,4.144840324947678956e-01,5.215904959607999825e-01,-7.005229999999999877e-04,4.720600000000000170e-05,7.660359999999999956e-04,-2.375571999999999840e-03,-2.594820000000000069e-04,2.328221000000000110e-03,-6.889624536119582114e-04,4.774011096475247619e-05,7.631561519122356894e-04,-2.371778071804870811e-03,-2.589832750849522234e-04,2.324220975890718167e-03,-3.689527776304928064e-02,-2.705995842239647686e+01,1.315854756010396365e+01,2.085018414649764118e+00,7.678014218429025928e-02,4.905452605517730824e-04,6.727178299843217246e+01,6.734054100161301903e+01,6.414400027167554974e-01,-1.155009242959462234e-05,5.414399961576300546e-01,6.414399958700468529e-01,-1.157883089605535387e-05,5.414399556573352701e-01
6.300000000000004208e-02,-2.158072530000000044e-01,2.772717590000000065e-01,-1.650206681000000009e+00,-5.606390970000000307e-01,4.144838869999999953e-01,5.215917869999999734e-01,-2.158072243426375492e-01,2.772717985981996147e-01,-1.650206380874007728e+00,-5.606402364543403571e-01,4.144837652734853495e-01,5.215928941080693049e-01,-7.227979999999999735e-04,4.870899999999999731e-05,7.903990000000000061e-04,-2.451127999999999901e-03,-2.677350000000000107e-04,2.402272999999999908e-03,-7.110784032311657675e-04,4.925238791804535779e-05,7.874713112831171037e-04,-2.447211521475192806e-03,-2.672212825712158785e-04,2.398147269296603025e-03,-3.745956593254777534e-02,-2.705998307779594469e+01,1.315864417767141958e+01,2.084974732031330547e+00,7.678001708069445708e-02,4.905335715587378666e-04,6.686692999937804416e+01,6.693154900131048635e+01,6.414400026900952678e-01,-1.211188243848530844e-05,5.414399963864899856e-01,6.414399956143139736e-01,-1.214140458405262025e-05,5.414399545039005890e-01
6.400000000000004297e-02,-2.158079870000000067e-01,2.772718089999999802e-01,-1.650205879000000042e+00,-5.606415860000000251e-01,4.144836150000000274e-01,5.215942270000000214e-01,-2.158079578699367285e-01,2.772718493847992627e-01,-1.650205568724076644e+00,-5.606427602264769661e-01,4.144834896913510147e-01,5.215953672852764456e-01,-7.454049999999999825e-04,5.023400000000000049e-05,8.151249999999999859e-04,-2.527812999999999848e-03,-2.761109999999999997e-04,2.477430000000000083e-03,-7.335272991756612267e-04,5.078659966536028719e-05,8.121499310445349454e-04,-2.523772136557093405e-03,-2.755821343572746195e-04,2.473177207150742754e-03,-3.802287760995375077e-02,-2.706000936564377923e+01,1.315874101535882801e+01,2.084931072340406644e+00,7.677989653220269883e-02,4.905208563934884995e-04,6.794183699821587652e+01,6.801228499898570590e+01,6.414400025796771487e-01,-1.269102145290570990e-05,5.414399957590986245e-01,6.414399953555314227e-01,-1.272171069817783134e-05,5.414399533386526908e-01
6.500000000000004385e-02,-2.158087439999999968e-01,2.772718599999999811e-01,-1.650205050999999923e+00,-5.606441530000000339e-01,4.144833350000000083e-01,5.215967419999999466e-01,-2.158087141780800911e-01,2.772719017280360632e-01,-1.650204731532602276e+00,-5.606453616828419584e-01,4.144832056249697083e-01,5.215979165939483853e-01,-7.683429999999999991e-04,5.178199999999999990e-05,8.402149999999999506e-04,-2.605622000000000146e-03,-2.846109999999999894e-04,2.553689999999999953e-03,-7.563081433753251993e-04,5.234323678798448719e-05,8.371914743055322832e-04,-2.601456364966623150e-03,-2.840663813234282106e-04,2.549308671986666528e-03,-3.858459361989645398e-02,-2.706003490701323244e+01,1.315883758498581813e+01,2.084887463293053855e+00,7.677976255653366777e-02,4.905087780617572351e-04,6.909198900029878132e+01,6.916301800083601847e+01,6.414400024832147551e-01,-1.328828611792778890e-05,5.414399959203354262e-01,6.414399950937226258e-01,-1.332001121343207010e-05,5.414399521617725419e-01
6.600000000000004474e-02,-2.158095240000000026e-01,2.772719120000000093e-01,-1.650204197999999955e+00,-5.606467979999999462e-01,4.144830460000000216e-01,5.215993349999999973e-01,-2.158094935985120366e-01,2.772719556508437821e-01,-1.650203868937636154e+00,-5.606480419446341346e-01,4.144829129519499444e-01,5.216005431336424580e-01,-7.916120000000000231e-04,5.335300000000000231e-05,8.656659999999999616e-04,-2.684554999999999927e-03,-2.932330000000000028e-04,2.631051000000000136e-03,-7.794204319474503165e-04,5.392280773355084480e-05,8.625949661180313350e-04,-2.680261792173389574e-03,-2.926730197502083264e-04,2.626539694024670850e-03,-3.914546956518753784e-02,-2.706005923983249772e+01,1.315893355202968706e+01,2.084843775828836066e+00,7.677962135038449154e-02,4.904969496146403818e-04,6.803472300089197233e+01,6.810457599931396544e+01,6.414400022438199178e-01,-1.390369371649383126e-05,5.414399963123502912e-01,6.414399948289930542e-01,-1.393656766245276993e-05,5.414399509730699611e-01
6.700000000000004563e-02,-2.158103269999999962e-01,2.772719659999999808e-01,-1.650203319000000057e+00,-5.606495230000000385e-01,4.144827480000000119e-01,5.216020059999999514e-01,-2.158102964621726183e-01,2.772720111756614703e-01,-1.650202980578717060e+00,-5.606508021310379064e-01,4.144826115498768115e-01,5.216032480008573335e-01,-8.152110000000000389e-04,5.494599999999999875e-05,8.914780000000000187e-04,-2.764607999999999996e-03,-3.019780000000000012e-04,2.709510000000000043e-03,-8.028636605893685937e-04,5.552481768196332969e-05,8.883589190896928152e-04,-2.760186403786143820e-03,-3.014020731507119268e-04,2.704867214892400003e-03,-3.970538757640722227e-02,-2.706008395574213665e+01,1.315902919608655353e+01,2.084800039979491704e+00,7.677947063449268306e-02,4.904846893512402771e-04,6.715676200110465288e+01,6.721994100007577799e+01,6.414400021172579347e-01,-1.453737621793764552e-05,5.414399965193327224e-01,6.414399945612224707e-01,-1.457164113424705483e-05,5.414399497722247601e-01
6.800000000000004652e-02,-2.158111540000000050e-01,2.772720220000000069e-01,-1.650202415000000089e+00,-5.606523279999999776e-01,4.144824420000000065e-01,5.216047550000000310e-01,-2.158111230989999962e-01,2.772720683244227491e-01,-1.650202066095390441e+00,-5.606536433583073631e-01,4.144823012972891352e-01,5.216060322899916946e-01,-8.391390000000000307e-04,5.656100000000000277e-05,9.176510000000000136e-04,-2.845779000000000104e-03,-3.108440000000000075e-04,2.789064999999999860e-03,-8.266368273911982572e-04,5.714876126741869360e-05,9.144833266772863564e-04,-2.841227269435963980e-03,-3.102525876754078050e-04,2.784289134399597042e-03,-4.026362044597180112e-02,-2.706011015976089595e+01,1.315912544713744481e+01,2.084756471823097534e+00,7.677933917270263198e-02,4.904727017232790283e-04,6.750206499782507308e+01,6.756558900087838992e+01,6.414400019466238723e-01,-1.518988921253214196e-05,5.414399961629082769e-01,6.414399942903411533e-01,-1.522549193213311474e-05,5.414399485596956829e-01
6.900000000000004741e-02,-2.158120050000000012e-01,2.772720799999999763e-01,-1.650201484000000107e+00,-5.606552160000000118e-01,4.144821260000000063e-01,5.216075850000000402e-01,-2.158119738379302432e-01,2.772721271195542903e-01,-1.650201125128215818e+00,-5.606565667401703923e-01,4.144819820721808434e-01,5.216088970935571778e-01,-8.633949999999999828e-04,5.819900000000000301e-05,9.441830000000000231e-04,-2.928065000000000095e-03,-3.198329999999999988e-04,2.869714000000000206e-03,-8.507389302535719533e-04,5.879513154772987127e-05,9.409671746817517210e-04,-2.923381863007136310e-03,-3.192251083139616618e-04,2.864803565432725348e-03,-4.082029501897370405e-02,-2.706013521954749734e+01,1.315922106091712962e+01,2.084712853837570989e+00,7.677918899013765064e-02,4.904610632773822275e-04,6.807713300077011809e+01,6.814475200008018874e+01,6.414400018812731474e-01,-1.586148239187423780e-05,5.414399956137915249e-01,6.414399940163607594e-01,-1.589837967221913257e-05,5.414399473354337688e-01
7.000000000000004829e-02,-2.158128810000000120e-01,2.772721389999999730e-01,-1.650200525999999890e+00,-5.606581849999999756e-01,4.144818020000000103e-01,5.216104950000000073e-01,-2.158128490068972061e-01,2.772721875834777139e-01,-1.650200157318756355e+00,-5.606595733884267574e-01,4.144816537529502631e-01,5.216118435001297904e-01,-8.879779999999999878e-04,5.985899999999999728e-05,9.710740000000000474e-04,-3.011465000000000062e-03,-3.289429999999999980e-04,2.951453000000000149e-03,-8.751689669690724746e-04,6.046392341693941711e-05,9.678094594334212420e-04,-3.006648256343202527e-03,-3.283192305870614200e-04,2.946406572642927373e-03,-4.137537524129968058e-02,-2.706016006866799017e+01,1.315931630466355173e+01,2.084669205746840337e+00,7.677903558601872902e-02,4.904485705964880182e-04,6.703429000117466785e+01,6.710331499925814569e+01,6.414400018221974031e-01,-1.655259668617710503e-05,5.414399959354396774e-01,6.414399937392376572e-01,-1.659056322765633929e-05,5.414399460992096458e-01
7.100000000000004918e-02,-2.158137810000000101e-01,2.772721989999999970e-01,-1.650199541000000103e+00,-5.606612389999999779e-01,4.144814680000000195e-01,5.216134879999999585e-01,-2.158137489338326775e-01,2.772722497381222562e-01,-1.650199162309060386e+00,-5.606626644123470227e-01,4.144813162183059729e-01,5.216148725973129840e-01,-9.128890000000002784e-04,6.154100000000002624e-05,9.983230000000003958e-04,-3.095975000000001243e-03,-3.381750000000001291e-04,3.034281000000001085e-03,-8.999269354716877460e-04,6.215464452856444590e-05,9.950096959861827895e-04,-3.091023920252648858e-03,-3.375346442999264105e-04,3.029097183147545433e-03,-4.193022776205894420e-02,-2.706018591021187802e+01,1.315941186749109626e+01,2.084625597468141134e+00,7.677888270884741795e-02,4.904367027125841041e-04,6.999921900205663405e+01,7.007253600022522733e+01,6.414400015502910168e-01,-1.726279747586843786e-05,5.414399964336074067e-01,6.414399934588858043e-01,-1.730230135513498345e-05,5.414399448512292601e-01
7.200000000000005007e-02,-2.158147069999999945e-01,2.772722619999999916e-01,-1.650198529000000081e+00,-5.606643780000000188e-01,4.144811259999999775e-01,5.216165649999999765e-01,-2.158146739456677510e-01,2.772723136054244253e-01,-1.650198139742176329e+00,-5.606658409181823899e-01,4.144809693477068402e-01,5.216179854696841867e-01,-9.381250000000003735e-04,6.324500000000002212e-05,1.025929000000000511e-03,-3.181593000000001222e-03,-3.475270000000000897e-04,3.118195000000001122e-03,-9.250118350626701600e-04,6.386730214471066254e-05,1.022566884077752338e-03,-3.176505835415687189e-03,-3.468705991394049632e-04,3.112872371230465240e-03,-4.248342428263522652e-02,-2.706021163446675715e+01,1.315950716424791622e+01,2.084582009388429302e+00,7.677872970032333100e-02,4.904248445420722816e-04,6.961988200055202469e+01,6.969313300214707851e+01,6.414400014824518381e-01,-1.799335603748819680e-05,5.414399960346640839e-01,6.414399931752272632e-01,-1.803385202433247046e-05,5.414399435916832370e-01
7.300000000000005096e-02,-2.158156579999999936e-01,2.772723260000000134e-01,-1.650197488999999962e+00,-5.606676029999999589e-01,4.144807730000000245e-01,5.216197259999999503e-01,-2.158156243678287511e-01,2.772723792078032878e-01,-1.650197089262166683e+00,-5.606691040097517842e-01,4.144806130201295069e-01,5.216211831986607983e-01,-9.636859999999999480e-04,6.497200000000000067e-05,1.053890999999999942e-03,-3.268315999999999843e-03,-3.570010000000000197e-04,3.203192000000000105e-03,-9.504221610067021403e-04,6.560237887834101335e-05,1.050480009620911176e-03,-3.263091569440873443e-03,-3.563275773527389465e-04,3.197728976590647268e-03,-4.303434048307368254e-02,-2.706023629545134668e+01,1.315960180641313926e+01,2.084538391962108772e+00,7.677856209817481015e-02,4.904127374013300678e-04,6.892979500116780400e+01,6.900208200022461824e+01,6.414400013037544479e-01,-1.874375464241116886e-05,5.414399960619874497e-01,6.414399928882569268e-01,-1.878547219453265127e-05,5.414399423202551631e-01
7.400000000000005185e-02,-2.158166340000000072e-01,2.772723919999999787e-01,-1.650196420999999969e+00,-5.606709159999999637e-01,4.144804109999999930e-01,5.216229719999999626e-01,-2.158166005257432241e-01,2.772724465676850159e-01,-1.650196010513595768e+00,-5.606724547883591425e-01,4.144802471150756951e-01,5.216244668648303273e-01,-9.895719999999999777e-04,6.672100000000000036e-05,1.082208999999999992e-03,-3.356141999999999893e-03,-3.665949999999999960e-04,3.289270999999999862e-03,-9.761579144599637648e-04,6.735988171948407652e-05,1.078748570988582621e-03,-3.350778607354518244e-03,-3.659050538025599830e-04,3.283666169556156630e-03,-4.358509724440799704e-02,-2.706026096678243320e+01,1.315969645254794074e+01,2.084494758491027611e+00,7.677839023495744430e-02,4.904013482965935075e-04,6.779612900209031068e+01,6.786566899972967803e+01,6.414400011131000667e-01,-1.951398777183764577e-05,5.414399958111147937e-01,6.414399925980276418e-01,-1.955741872276556286e-05,5.414399410367628507e-01
7.500000000000005274e-02,-2.158176370000000066e-01,2.772724590000000267e-01,-1.650195325000000102e+00,-5.606743159999999504e-01,4.144800399999999940e-01,5.216263049999999568e-01,-2.158176027443323153e-01,2.772725157069937940e-01,-1.650194903142015335e+00,-5.606758943528885597e-01,4.144798715128067412e-01,5.216278375448268889e-01,-1.015782000000000013e-03,6.849199999999999408e-05,1.110880999999999978e-03,-3.445067999999999915e-03,-3.763090000000000185e-04,3.376427999999999895e-03,-1.002218589079913787e-03,6.913930875788579830e-05,1.107371580524099067e-03,-3.439564529437791340e-03,-3.756022689503034340e-04,3.370679996565159077e-03,-4.413488215427167904e-02,-2.706028640289791198e+01,1.315979111653235201e+01,2.084451135592261473e+00,7.677822133161782414e-02,4.903892543280709022e-04,6.770235500152921304e+01,6.776684600117732771e+01,6.414400007566791739e-01,-2.030526684930952842e-05,5.414399960373358356e-01,6.414399923044636909e-01,-2.034994798859506159e-05,5.414399397412551496e-01
7.600000000000005362e-02,-2.158186659999999923e-01,2.772725289999999898e-01,-1.650194198999999973e+00,-5.606778059999999453e-01,4.144796590000000003e-01,5.216297250000000441e-01,-2.158186313470133455e-01,2.772725866476621337e-01,-1.650193766793462968e+00,-5.606794238002393849e-01,4.144794860935016589e-01,5.216312963143451276e-01,-1.042313999999999914e-03,7.028499999999999537e-05,1.139908000000000024e-03,-3.535093000000000003e-03,-3.861429999999999789e-04,3.464661999999999863e-03,-1.028602681032552172e-03,7.094066831290757314e-05,1.136348552256187094e-03,-3.529447350782390341e-03,-3.854193050872080644e-04,3.458769518194306468e-03,-4.468236922662043031e-02,-2.706031199195412285e+01,1.315988568235446721e+01,2.084407557126329191e+00,7.677805322457849357e-02,4.903776438916611921e-04,6.951770599698647857e+01,6.959043599999858998e+01,6.414400008008309673e-01,-2.111724001815748388e-05,5.414399959479829771e-01,6.414399920075213313e-01,-2.116331534982780782e-05,5.414399384337988952e-01
7.700000000000005451e-02,-2.158197219999999916e-01,2.772725999999999802e-01,-1.650193044999999969e+00,-5.606813870000000311e-01,4.144792680000000118e-01,5.216332350000000284e-01,-2.158196866567085592e-01,2.772726594116049492e-01,-1.650192601115017865e+00,-5.606830442247160429e-01,4.144790907373447353e-01,5.216348442448887068e-01,-1.069169000000000022e-03,7.210000000000000425e-05,1.169286999999999974e-03,-3.626213000000000092e-03,-3.960969999999999856e-04,3.553969000000000138e-03,-1.055309695205711509e-03,7.276394282649017357e-05,1.165678445081967012e-03,-3.620424476662934942e-03,-3.953561569252163387e-04,3.547930543550727785e-03,-4.522895687570420431e-02,-2.706033737464030509e+01,1.315997994678850702e+01,2.084363941082830074e+00,7.677787389968089571e-02,4.903653331415858086e-04,7.081016699885367416e+01,7.088319000104092993e+01,6.414400004600282479e-01,-2.195041457640309226e-05,5.414399957312526768e-01,6.414399917071285095e-01,-2.199777574917710751e-05,5.414399371143195916e-01
7.800000000000005540e-02,-2.158208040000000050e-01,2.772726730000000250e-01,-1.650191860999999927e+00,-5.606850589999999857e-01,4.144788660000000013e-01,5.216368340000000492e-01,-2.158207689958348274e-01,2.772727340207487012e-01,-1.650191405755239149e+00,-5.606867567176976319e-01,4.144786853251806735e-01,5.216384824070863235e-01,-1.096345000000000089e-03,7.393699999999999361e-05,1.199018000000000046e-03,-3.718425999999999936e-03,-4.061700000000000228e-04,3.644347999999999945e-03,-1.082339126261160035e-03,7.460914375446665370e-05,1.195359778662528124e-03,-3.712492981539568335e-03,-4.054121640364380386e-04,3.638162197597893249e-03,-4.577459446081892647e-02,-2.706036226659406907e+01,1.316007368075959860e+01,2.084320259384715435e+00,7.677768454500109863e-02,4.903539825488776671e-04,6.921687700014444999e+01,6.928626700027962215e+01,6.414400002564278891e-01,-2.280431529982759867e-05,5.414399956071399567e-01,6.414399914031422290e-01,-2.285358365155876065e-05,5.414399357824796200e-01
7.900000000000005629e-02,-2.158219140000000036e-01,2.772727480000000133e-01,-1.650190647000000066e+00,-5.606888239999999746e-01,4.144784550000000234e-01,5.216405240000000498e-01,-2.158218786853068616e-01,2.772728104970156870e-01,-1.650190180362687276e+00,-5.606905623680732420e-01,4.144782697376977465e-01,5.216422118684674869e-01,-1.123840999999999989e-03,7.579600000000000410e-05,1.229101000000000022e-03,-3.811728999999999812e-03,-4.163629999999999979e-04,3.735795999999999995e-03,-1.109689472026187309e-03,7.647626695997047789e-05,1.225392551975562540e-03,-3.805650375635892015e-03,-4.155874829504341240e-04,3.729461381153461978e-03,-4.631792414928585788e-02,-2.706038768792312155e+01,1.316016764987376320e+01,2.084276690115036246e+00,7.677750047459833138e-02,4.903423193437889908e-04,6.804663100047037005e+01,6.811690099857514724e+01,6.414400000803869295e-01,-2.368017387245621784e-05,5.414399954977500151e-01,6.414399910955527195e-01,-2.373099250841945306e-05,5.414399344382514467e-01
8.000000000000005718e-02,-2.158230519999999875e-01,2.772728250000000005e-01,-1.650189402000000083e+00,-5.606926829999999695e-01,4.144780339999999952e-01,5.216443060000000020e-01,-2.158230160455383573e-01,2.772728888623258170e-01,-1.650188924586930339e+00,-5.606944622622384022e-01,4.144778438562574108e-01,5.216460336938769649e-01,-1.151656999999999941e-03,7.767699999999999507e-05,1.259534000000000088e-03,-3.906119999999999905e-03,-4.266739999999999877e-04,3.828310000000000133e-03,-1.137360231499764040e-03,7.836531013494371298e-05,1.255775757008855331e-03,-3.899894165201377855e-03,-4.258814403313624882e-04,3.821825409456557250e-03,-4.686035054120389620e-02,-2.706041289573257558e+01,1.316026132591225739e+01,2.084233077561242542e+00,7.677731156199379958e-02,4.903305860547841049e-04,6.848882300255354494e+01,6.855982799970661290e+01,6.414400000339246510e-01,-2.457810232173808550e-05,5.414399956528147539e-01,6.414399907843248982e-01,-2.463025532286930550e-05,5.414399330815197198e-01
8.100000000000005806e-02,-2.158242180000000121e-01,2.772729030000000150e-01,-1.650188127000000060e+00,-5.606966370000000532e-01,4.144776020000000005e-01,5.216481809999999886e-01,-2.158241813964386913e-01,2.772729691380972916e-01,-1.650187638078524310e+00,-5.606984574846242131e-01,4.144774075624341192e-01,5.216499489457585570e-01,-1.179792000000000037e-03,7.957900000000000498e-05,1.290317000000000026e-03,-4.001596999999999967e-03,-4.371040000000000082e-04,3.921888000000000110e-03,-1.165350900335374073e-03,8.027577147151249994e-05,1.286508406107414633e-03,-3.995222385838465007e-03,-4.362938233026789395e-04,3.915251881544907185e-03,-4.740183918069178215e-02,-2.706043882111936227e+01,1.316035497376543084e+01,2.084189446994188177e+00,7.677712007627758573e-02,4.903186530863787090e-04,6.744972600063192658e+01,6.751228499706485309e+01,6.414399996968660478e-01,-2.549809819906340190e-05,5.414399960123679190e-01,6.414399904692693610e-01,-2.555162466275159877e-05,5.414399317122938760e-01
8.200000000000005895e-02,-2.158254119999999943e-01,2.772729840000000001e-01,-1.650186820999999915e+00,-5.607006869999999754e-01,4.144771589999999839e-01,5.216521499999999811e-01,-2.158253750574174734e-01,2.772730513462578483e-01,-1.650186320488526093e+00,-5.607025491171210296e-01,4.144769607380077159e-01,5.216539586849727739e-01,-1.208246000000000060e-03,8.150399999999999757e-05,1.321448999999999931e-03,-4.098156999999999842e-03,-4.476519999999999892e-04,4.016528000000000112e-03,-1.193660978795041145e-03,8.220816055335789050e-05,1.317589998253903454e-03,-4.091632496860161082e-03,-4.468244264119125781e-04,4.009739214168853670e-03,-4.794251159925770611e-02,-2.706046384632948687e+01,1.316044830139616550e+01,2.084145770972417822e+00,7.677691797426468290e-02,4.903071578047081503e-04,6.638306500099133700e+01,6.643960099972900935e+01,6.414399995882038574e-01,-2.644031338973687473e-05,5.414399956627514721e-01,6.414399901503612389e-01,-2.649535271232310329e-05,5.414399303303770727e-01
8.300000000000005984e-02,-2.158266339999999894e-01,2.772730660000000125e-01,-1.650185484000000091e+00,-5.607048340000000408e-01,4.144767069999999998e-01,5.216562139999999514e-01,-2.158265973463799059e-01,2.772731355087233451e-01,-1.650184971468497075e+00,-5.607067382386865528e-01,4.144765032645338354e-01,5.216580639690006072e-01,-1.237016000000000070e-03,8.344999999999999554e-05,1.352930000000000018e-03,-4.195797000000000242e-03,-4.583190000000000007e-04,4.112227000000000417e-03,-1.222288962431914306e-03,8.416246548419793793e-05,1.349020029056545401e-03,-4.189121565565659053e-03,-4.574734738852985309e-04,4.105284027887361534e-03,-4.848082914581357261e-02,-2.706048915284894463e+01,1.316054162675769135e+01,2.084102176887940416e+00,7.677671507647555738e-02,4.902954492257626754e-04,6.697067799905198626e+01,6.703689600180950947e+01,6.414399992361249359e-01,-2.740457941178697928e-05,5.414399959079004843e-01,6.414399898276519352e-01,-2.746169061609229849e-05,5.414399289357019196e-01
8.400000000000006073e-02,-2.158278859999999966e-01,2.772731509999999955e-01,-1.650184115999999923e+00,-5.607090789999999991e-01,4.144762430000000220e-01,5.216603749999999540e-01,-2.158278485807314240e-01,2.772732216474185218e-01,-1.650183590671499001e+00,-5.607110259257648277e-01,4.144760350244593439e-01,5.216622658535351453e-01,-1.266104000000000101e-03,8.541900000000000328e-05,1.384756999999999915e-03,-4.294514999999999617e-03,-4.691030000000000113e-04,4.208983000000000342e-03,-1.251234351506785424e-03,8.613869519167971598e-05,1.380796998014445715e-03,-4.287687078311660203e-03,-4.682400744871931903e-04,4.201884534542803598e-03,-4.901822685379435274e-02,-2.706051392821170509e+01,1.316063437854315055e+01,2.084058487843110541e+00,7.677650379102153588e-02,4.902841202339040068e-04,6.687192799654440023e+01,6.696437199934734963e+01,6.414399990027092047e-01,-2.839245138396151452e-05,5.414399950968247222e-01,6.414399895010940433e-01,-2.845088904311596131e-05,5.414399275278983792e-01
8.500000000000006162e-02,-2.158291669999999884e-01,2.772732370000000057e-01,-1.650182714999999911e+00,-5.607134230000000441e-01,4.144757680000000222e-01,5.216646320000000170e-01,-2.158291290773750037e-01,2.772733097837559724e-01,-1.650182177751610135e+00,-5.607154132528124890e-01,4.144755559003855949e-01,5.216665653923677759e-01,-1.295506999999999995e-03,8.740800000000000067e-05,1.416930999999999963e-03,-4.394308999999999889e-03,-4.800049999999999825e-04,4.306794000000000074e-03,-1.280496643592076008e-03,8.813633744298471242e-05,1.412919888824394404e-03,-4.387327047712838782e-03,-4.791240737289740865e-04,4.299538832653589625e-03,-4.955468690060575720e-02,-2.706053942906907395e+01,1.316072709629694160e+01,2.084014775754590154e+00,7.677628899006783136e-02,4.902728262696313130e-04,6.710662300247349776e+01,6.717283600301016122e+01,6.414399987298673445e-01,-2.940323975083858332e-05,5.414399953799924337e-01,6.414399891704802847e-01,-2.946319823029476404e-05,5.414399261067127656e-01
8.600000000000006251e-02,-2.158304769999999928e-01,2.772733250000000149e-01,-1.650181281999999916e+00,-5.607178670000000364e-01,4.144752830000000277e-01,5.216689879999999446e-01,-2.158304391522102572e-01,2.772733999391607251e-01,-1.650180732362881653e+00,-5.607199012918140379e-01,4.144750657751537504e-01,5.216709636352060420e-01,-1.325226000000000529e-03,8.942000000000002139e-05,1.449451000000000472e-03,-4.495176000000001768e-03,-4.910240000000000611e-04,4.405656000000001717e-03,-1.310074835266069031e-03,9.015540475783871612e-05,1.445388728587586238e-03,-4.488039001506480795e-03,-4.901252318655580044e-04,4.398242838217200634e-03,-5.008956213189079409e-02,-2.706056539012082851e+01,1.316082007964254252e+01,2.083971138982578353e+00,7.677607938051260461e-02,4.902607570247558824e-04,6.779549299972131848e+01,6.786666299740318209e+01,6.414399984143910327e-01,-3.043693036529812579e-05,5.414399956237838651e-01,6.414399888357429358e-01,-3.049886770395505905e-05,5.414399246722370052e-01
8.700000000000006339e-02,-2.158318170000000091e-01,2.772734159999999948e-01,-1.650179816000000077e+00,-5.607224130000000306e-01,4.144747859999999839e-01,5.216734429999999589e-01,-2.158317791206351977e-01,2.772734921355565763e-01,-1.650179254160369258e+00,-5.607244911117399422e-01,4.144745645319102278e-01,5.216754616307147652e-01,-1.355259000000000368e-03,9.145300000000002039e-05,1.482316000000000449e-03,-4.597113000000001629e-03,-5.021600000000000846e-04,4.505568000000001461e-03,-1.339968424940623463e-03,9.219639583290961823e-05,1.478202512491721445e-03,-4.589819925930870362e-03,-5.012432435318015618e-04,4.497995508774775206e-03,-5.062357156039036521e-02,-2.706059021483196858e+01,1.316091251225495817e+01,2.083927427231487606e+00,7.677585464830367912e-02,4.902496047876740443e-04,6.784977899951627478e+01,6.792044100075145252e+01,6.414399983119736248e-01,-3.149439993495083210e-05,5.414399952329472798e-01,6.414399884969224086e-01,-3.155814657108333950e-05,5.414399232241968729e-01
8.800000000000006428e-02,-2.158331880000000091e-01,2.772735080000000019e-01,-1.650178316999999950e+00,-5.607270610000000266e-01,4.144742790000000010e-01,5.216779990000000033e-01,-2.158331492965454845e-01,2.772735863943548429e-01,-1.650177742800140734e+00,-5.607291837796061218e-01,4.144740520537232298e-01,5.216800604245599438e-01,-1.385605000000000040e-03,9.350799999999999986e-05,1.515524999999999988e-03,-4.700118999999999998e-03,-5.134129999999999987e-04,4.606527000000000018e-03,-1.370175910284162019e-03,9.425879824065053138e-05,1.511360228616865677e-03,-4.692667866127328904e-03,-5.124781869880544027e-04,4.598793845163202769e-03,-5.115520277154088358e-02,-2.706061589407019952e+01,1.316100487379909012e+01,2.083883745476251548e+00,7.677563126280816108e-02,4.902380065427827454e-04,6.834222999896155670e+01,6.841492799867410213e+01,6.414399980055240924e-01,-3.257609555259502590e-05,5.414399956401215741e-01,6.414399881538979109e-01,-3.264128287850251106e-05,5.414399217624124017e-01
8.900000000000006517e-02,-2.158345889999999934e-01,2.772736029999999796e-01,-1.650176784999999979e+00,-5.607318129999999679e-01,4.144737589999999972e-01,5.216826559999999668e-01,-2.158345499933379541e-01,2.772736827369783885e-01,-1.650176197939262401e+00,-5.607339803598554440e-01,4.144735282243968699e-01,5.216847610605525043e-01,-1.416263999999999978e-03,9.558399999999999828e-05,1.549077000000000049e-03,-4.804189999999999849e-03,-5.247820000000000045e-04,4.708531000000000175e-03,-1.400696792481321337e-03,9.634262356422295531e-05,1.544860878228558132e-03,-4.796580249273680631e-03,-5.238293263547840872e-04,4.700635992576191260e-03,-5.168593232648459324e-02,-2.706064135569910434e+01,1.316109695261343404e+01,2.083840013834358906e+00,7.677540307498539884e-02,4.902267426223251437e-04,6.703570999889052473e+01,6.709418399987043813e+01,6.414399978024272198e-01,-3.368167396403860835e-05,5.414399950656295646e-01,6.414399878065325522e-01,-3.374852422323084019e-05,5.414399202866275740e-01
9.000000000000006606e-02,-2.158360209999999890e-01,2.772736989999999846e-01,-1.650175219000000082e+00,-5.607366689999999654e-01,4.144732289999999986e-01,5.216874160000000149e-01,-2.158359815244050572e-01,2.772737811848391964e-01,-1.650174619235807771e+00,-5.607388819140093350e-01,4.144729929275656199e-01,5.216895645792520853e-01,-1.447235999999999965e-03,9.768200000000000429e-05,1.582971000000000074e-03,-4.909323999999999633e-03,-5.362680000000000094e-04,4.811577000000000041e-03,-1.431531067111445300e-03,9.844786083217072457e-05,1.578703454702912136e-03,-4.901554153945259125e-03,-5.352968312530016455e-04,4.803518699525664501e-03,-5.221645783547194941e-02,-2.706066659928680807e+01,1.316118880041862127e+01,2.083796220368097085e+00,7.677515812039370502e-02,4.902153208178441956e-04,6.686478600022383034e+01,6.692257800023071468e+01,6.414399974424377371e-01,-3.481156508620897522e-05,5.414399954999769005e-01,6.414399874546855562e-01,-3.488011810580962874e-05,5.414399187964833438e-01
9.100000000000006695e-02,-2.158374829999999966e-01,2.772737980000000158e-01,-1.650173619000000036e+00,-5.607416309999999626e-01,4.144726870000000063e-01,5.216922790000000365e-01,-2.158374442016446904e-01,2.772738817598520145e-01,-1.650173006348377491e+00,-5.607438895015022240e-01,4.144724460478924621e-01,5.216944720201360797e-01,-1.478518000000000063e-03,9.980200000000000432e-05,1.617207000000000063e-03,-5.015519000000000401e-03,-5.478689999999999819e-04,4.915664000000000144e-03,-1.462677239629739563e-03,1.005750128200025924e-04,1.612887430345391832e-03,-5.007587492925002007e-03,-5.468796731850434148e-04,4.907440883983546845e-03,-5.274474973306146619e-02,-2.706069104219114152e+01,1.316128025184751316e+01,2.083752405290338228e+00,7.677491682112946858e-02,4.902043964581032694e-04,6.744088699997519143e+01,6.753563600068446249e+01,6.414399972329400956e-01,-3.596537410723879785e-05,5.414399952532238380e-01,6.414399870983503726e-01,-3.603631097475157004e-05,5.414399172914219349e-01
9.200000000000006783e-02,-2.158389779999999869e-01,2.772738989999999903e-01,-1.650171985000000063e+00,-5.607467000000000423e-01,4.144721330000000203e-01,5.216972460000000034e-01,-2.158389383359539948e-01,2.772739844834202771e-01,-1.650171358935590860e+00,-5.607490041797145164e-01,4.144718874699796496e-01,5.216994844178793889e-01,-1.510110999999999962e-03,1.019429999999999962e-04,1.651785000000000015e-03,-5.122772999999999737e-03,-5.595860000000000460e-04,5.020786999999999646e-03,-1.494134309292003511e-03,1.027235682641942986e-04,1.647412786528043658e-03,-5.114678212279333107e-03,-5.585779128068050657e-04,5.012397743263708426e-03,-5.327141880952572517e-02,-2.706071690042094247e+01,1.316137222678509744e+01,2.083708685948658434e+00,7.677468382001925717e-02,4.901921675878061256e-04,6.703674999880604446e+01,6.710226200084434822e+01,6.414399969104764843e-01,-3.714500579643346696e-05,5.414399948232871962e-01,6.414399867375188968e-01,-3.721734857157921335e-05,5.414399157714582245e-01
9.300000000000006872e-02,-2.158405039999999886e-01,2.772740020000000194e-01,-1.650170316000000081e+00,-5.607518759999999824e-01,4.144715680000000124e-01,5.217023189999999699e-01,-2.158404642382307781e-01,2.772740893764481518e-01,-1.650169676657579743e+00,-5.607542270030061449e-01,4.144713170781771372e-01,5.217046028071717911e-01,-1.542013999999999972e-03,1.041049999999999934e-04,1.686701999999999993e-03,-5.231081999999999746e-03,-5.714189999999999851e-04,5.126946000000000281e-03,-1.525902276793605818e-03,1.048930278557250509e-04,1.682278011135947575e-03,-5.222823291652979247e-03,-5.703918024886050347e-04,5.118389292457638934e-03,-5.379780525896708798e-02,-2.706074319346375034e+01,1.316146399514929755e+01,2.083664907659206200e+00,7.677443401512368260e-02,4.901812923325553134e-04,6.767424700228730217e+01,6.774352700085728429e+01,6.414399966318736768e-01,-3.834916035051326460e-05,5.414399947680827996e-01,6.414399863720049444e-01,-3.842347650704085096e-05,5.414399142365787787e-01
9.400000000000006961e-02,-2.158420620000000012e-01,2.772741069999999919e-01,-1.650168611000000007e+00,-5.607571609999999485e-01,4.144709910000000108e-01,5.217074990000000190e-01,-2.158420222183724535e-01,2.772741964603400722e-01,-1.650167959175978805e+00,-5.607595590227296700e-01,4.144707347574635437e-01,5.217098282197322190e-01,-1.574225999999999967e-03,1.062889999999999983e-04,1.721957999999999996e-03,-5.340443999999999747e-03,-5.833670000000000001e-04,5.234138000000000158e-03,-1.557980141670718818e-03,1.070838919093198015e-04,1.717481601005491987e-03,-5.332019723574582537e-03,-5.823207135673214366e-04,5.225412560474934284e-03,-5.432258662860693643e-02,-2.706076811415484329e+01,1.316155491748680717e+01,2.083621026410769517e+00,7.677417004504850928e-02,4.901705190379369295e-04,6.778090199804864824e+01,6.787970999721437693e+01,6.414399964443097124e-01,-3.957861725787242553e-05,5.414399952086699219e-01,6.414399860016516408e-01,-3.965493962071900365e-05,5.414399126861988432e-01
9.500000000000007050e-02,-2.158436529999999964e-01,2.772742140000000188e-01,-1.650166872000000007e+00,-5.607625560000000231e-01,4.144704009999999883e-01,5.217127870000000112e-01,-2.158436125852717380e-01,2.772743057565024705e-01,-1.650166206152405834e+00,-5.607650012887787083e-01,4.144701403932085637e-01,5.217151616843010986e-01,-1.606746000000000042e-03,1.084939999999999950e-04,1.757553000000000023e-03,-5.450858000000000265e-03,-5.954299999999999827e-04,5.342359999999999991e-03,-1.590366899271925330e-03,1.092961623892252002e-04,1.753023572929649941e-03,-5.442266049066773505e-03,-5.943642549997367160e-04,5.333464568900064644e-03,-5.484583885314024687e-02,-2.706079341881218880e+01,1.316164601558450542e+01,2.083577161590458360e+00,7.677391223561200184e-02,4.901590413653927674e-04,6.741643500208738260e+01,6.748594500095350668e+01,6.414399959791714512e-01,-4.083402694444147885e-05,5.414399949904108444e-01,6.414399856263829358e-01,-4.091198205971358125e-05,5.414399111199657000e-01
9.600000000000007139e-02,-2.158452760000000026e-01,2.772743240000000164e-01,-1.650165096999999914e+00,-5.607680609999999843e-01,4.144697999999999993e-01,5.217181829999999465e-01,-2.158452356468263111e-01,2.772744172863396694e-01,-1.650164417249018634e+00,-5.607705548479217095e-01,4.144695338713411115e-01,5.217206042274790123e-01,-1.639573000000000072e-03,1.107209999999999992e-04,1.793485999999999952e-03,-5.562318999999999597e-03,-6.076070000000000255e-04,5.451609999999999963e-03,-1.623061554574326210e-03,1.115298372225148897e-04,1.788903387166224752e-03,-5.553559143015548635e-03,-6.065218674750900811e-04,5.442543177903260039e-03,-5.536745755828269278e-02,-2.706081894009181710e+01,1.316173713796012024e+01,2.083533340136896062e+00,7.677365625333894272e-02,4.901479755903842160e-04,6.710551600190228783e+01,6.716968900218489580e+01,6.414399957585819045e-01,-4.211475959460139436e-05,5.414399946025234556e-01,6.414399852462034923e-01,-4.219484721404699422e-05,5.414399095377282478e-01
9.700000000000007228e-02,-2.158469319999999914e-01,2.772744349999999858e-01,-1.650163285000000091e+00,-5.607736789999999694e-01,4.144691859999999894e-01,5.217236880000000188e-01,-2.158468917099315709e-01,2.772745310707462885e-01,-1.650162592129482242e+00,-5.607762207444485503e-01,4.144689150780830889e-01,5.217261568731318411e-01,-1.672705999999999932e-03,1.129680000000000067e-04,1.829754999999999967e-03,-5.674827000000000343e-03,-6.198980000000000202e-04,5.561884999999999919e-03,-1.656063105252883385e-03,1.137844066080515026e-04,1.825119536288495863e-03,-5.665896526884626333e-03,-6.187932580480984832e-04,5.552645652808314500e-03,-5.588737147313553588e-02,-2.706084500610064936e+01,1.316182798323877634e+01,2.083489487468719314e+00,7.677339580147736486e-02,4.901368278956805703e-04,6.726577800145605579e+01,6.732832399939070456e+01,6.414399953579648095e-01,-4.342158078944093058e-05,5.414399952007769024e-01,6.414399848609084742e-01,-4.350377768629484440e-05,5.414399079392966385e-01
9.800000000000007316e-02,-2.158486219999999900e-01,2.772745489999999813e-01,-1.650161436999999953e+00,-5.607794090000000065e-01,4.144685599999999859e-01,5.217293050000000321e-01,-2.158485810814801120e-01,2.772746471311314242e-01,-1.650160730458436031e+00,-5.607820000206135136e-01,4.144682838989585116e-01,5.217318206439598427e-01,-1.706145999999999965e-03,1.152379999999999968e-04,1.866360000000000068e-03,-5.788378000000000273e-03,-6.323039999999999824e-04,5.673184000000000386e-03,-1.689371548538379057e-03,1.160603851090569996e-04,1.861671046203770483e-03,-5.779276164953113526e-03,-6.311791245677970995e-04,5.663770828047187504e-03,-5.640720928130453504e-02,-2.706086975925035887e+01,1.316191820525231293e+01,2.083445472165398549e+00,7.677310665283237912e-02,4.901261195551596256e-04,6.676032899849815294e+01,6.681841200042981654e+01,6.414399950920539606e-01,-4.475511182818512035e-05,5.414399952823955031e-01,6.414399844703559950e-01,-4.483901606055164024e-05,5.414399063239047072e-01
9.900000000000007405e-02,-2.158503449999999990e-01,2.772746660000000030e-01,-1.650159552999999946e+00,-5.607852540000000108e-01,4.144679219999999886e-01,5.217350330000000147e-01,-2.158503040678771412e-01,2.772747654888889079e-01,-1.650158831900596645e+00,-5.607878937154534560e-01,4.144676402199539145e-01,5.217375965588312292e-01,-1.739890999999999920e-03,1.175280000000000037e-04,1.903301000000000038e-03,-5.902969999999999572e-03,-6.448240000000000048e-04,5.785503000000000000e-03,-1.722986397029362647e-03,1.183577574813282911e-04,1.898557839340935666e-03,-5.893694839943047943e-03,-6.436790046071405981e-04,5.775914871351452845e-03,-5.692615783068714908e-02,-2.706089498573086871e+01,1.316200875053524655e+01,2.083401516925819319e+00,7.677281972514066188e-02,4.901150530059414931e-04,6.636113900094642304e+01,6.642086099964217283e+01,6.414399947964743998e-01,-4.611478930691243166e-05,5.414399944613523807e-01,6.414399840745599324e-01,-4.620080450788421878e-05,5.414399046912155011e-01
1.000000000000000749e-01,-2.158521019999999901e-01,2.772747839999999964e-01,-1.650157630999999903e+00,-5.607912130000000106e-01,4.144672710000000260e-01,5.217408730000000494e-01,-2.158520609735365692e-01,2.772748861644021567e-01,-1.650156896121737660e+00,-5.607939028658418534e-01,4.144669839282488777e-01,5.217434856355909201e-01,-1.773938999999999985e-03,1.198390000000000024e-04,1.940576000000000063e-03,-6.018601000000000159e-03,-6.574569999999999633e-04,5.898841000000000154e-03,-1.756905659431650573e-03,1.206755132464588074e-04,1.935778859032498758e-03,-6.009150388372319108e-03,-6.562917050318291777e-04,5.889076759704257001e-03,-5.744193645673904836e-02,-2.706092212447883583e+01,1.316209952990570464e+01,2.083357663348492927e+00,7.677255509442726389e-02,4.901044925862311314e-04,6.618152000010013580e+01,6.624197199926129542e+01,6.414399944225566141e-01,-4.750125802578162004e-05,5.414399949660708700e-01,6.414399836732739280e-01,-4.758938373234214740e-05,5.414399030414193126e-01
